handle_detected_objects_queue,handle_segmentation_queue,update_clock,update_world_model,update_player_model,slam_predict,use_received_yolo_info,use_received_segmentation_info,total
0,2999300,0,0,0,0,69728400,23468800,96196500
999300,11524400,0,0,0,0,51085400,20991700,84600800
0,0,0,0,0,0,0,0,0
0,1506400,0,0,1006900,0,20555100,20535000,43603400
0,0,0,0,0,0,17553200,0,17553200
0,1509600,0,0,0,0,20072900,22577400,44159900
0,0,0,0,0,996900,36457600,0,37454500
0,2003600,0,0,0,0,0,17365700,20369000
0,0,0,0,0,0,21996800,0,21996800
0,2501700,0,0,0,0,14394200,19140700,36036600
0,0,0,0,0,0,16363500,0,16363500
0,3000100,0,0,0,0,29602000,17331000,49933100
0,0,0,0,0,0,0,0,0
506900,1009500,0,0,997400,0,22906200,20051800,45471800
126000,0,0,0,0,0,21701100,0,21827100
0,2506200,0,0,0,0,29939100,20467800,52913100
871300,0,0,0,0,0,17031100,0,17902400
0,2322200,0,0,0,0,30708200,24871900,57902300
5001400,0,0,998000,0,0,0,0,5999400
0,1008800,0,0,0,0,25571800,20045700,46626300
0,1001100,0,0,0,0,30725200,0,31726300
0,2030800,0,0,0,0,27913900,20134000,50078700
0,0,0,0,0,0,29949300,0,29949300
0,1998800,0,0,0,0,0,21142100,24139700
0,0,0,0,0,0,23719900,0,23719900
0,2009800,0,0,0,0,17893700,20037900,39941400
0,0,0,0,0,0,21126500,0,21126500
0,1504900,0,0,0,0,27759500,21142900,50407300
0,0,0,0,0,0,0,0,0
0,2002000,0,0,0,0,27789300,22293000,53088500
0,0,0,0,0,0,17029200,0,17029200
0,2001000,0,0,0,0,18488900,19168000,39657900
0,1994700,0,0,0,0,29769800,20406000,52170500
508200,0,0,0,0,0,16630200,0,17138400
0,1471600,0,0,0,1008500,17609300,19264100,39353500
0,0,0,0,0,0,12325800,0,12325800
0,999200,0,0,0,1509300,0,17776000,20284500
0,0,0,0,0,0,10517500,0,11520700
0,1003700,0,0,0,0,14027200,20636200,36673800
0,0,0,0,0,0,29854100,0,29854100
0,1998600,0,0,0,0,12562700,19038900,33600200
0,0,0,0,0,1000900,8498000,0,9498900
0,3001200,0,0,0,0,21036700,22782300,46820200
0,0,0,0,0,0,9279000,0,9279000
0,2001000,0,0,0,0,6516700,15775300,24293000
0,0,0,0,0,0,7537600,0,7537600
0,1999900,0,0,0,0,8772300,17875200,28647400
0,3008200,0,0,0,0,22841900,22422900,48273000
0,0,0,0,0,0,0,0,0
0,2390800,0,0,0,0,8945300,19044800,30380900
0,0,0,0,1003300,1007200,0,0,2010500
0,2079000,0,0,1005000,1000200,8521500,21681800,34287500
0,0,0,0,2000500,0,8530700,0,10531200
0,993600,0,0,2472100,0,10816500,22990300,37272500
0,0,0,0,1428100,0,10516600,0,11944700
515000,2009000,0,0,2000900,0,6516300,20789800,31831000
0,0,0,0,1999000,0,9405300,0,11404300
0,1119400,0,0,1999000,0,8514200,14037700,25670300
0,0,0,0,3009800,0,8729800,0,11739600
0,1479400,0,0,2005200,0,9041200,20623500,34149500
511600,0,0,0,2011800,0,11630700,0,14154100
508300,1011200,0,0,1502600,0,9516400,20054700,32593200
0,0,0,0,1998200,0,6007200,0,8005400
0,2000100,0,0,999400,0,9512500,18031800,30543800
0,0,0,0,1002800,999200,0,0,2002000
0,2002100,0,0,998100,0,9523800,20440900,32964900
0,0,0,0,2011700,0,9762700,0,11774400
0,1512800,0,0,1006200,0,7503900,17111100,27134000
0,0,0,0,2273700,0,8222500,0,10496200
0,2000000,0,0,1508900,0,9518600,22907400,35934900
0,0,0,0,1789600,0,6903200,0,8692800
0,1233000,0,0,1504000,0,19979900,18469400,41186300
0,0,0,0,1997300,0,23146900,0,25144200
0,2004800,0,0,1000200,0,23049000,21638000,47692000
0,0,0,0,2178900,0,11526900,0,13705800
0,1936100,0,0,2007700,0,8497300,20910400,33351500
0,0,0,0,2453000,0,9598100,0,12051100
0,1999300,0,0,999900,0,9566300,20113200,32678700
0,0,0,0,1128700,0,0,0,2133700
0,2043000,0,0,1027800,0,9756400,19323600,32150800
0,0,0,0,2001300,0,10607000,0,12608300
0,1999900,0,0,1998500,0,8104700,17818600,29921700
0,0,0,0,2352700,0,12552100,0,14904800
507700,2015900,0,0,1001500,0,10793400,19863100,34181600
0,0,0,0,1770700,0,8413900,0,10184600
0,2001700,0,0,1562900,961900,8011900,19034600,31573000
0,0,0,0,1998400,0,7766700,0,9765100
0,2391600,0,0,1999700,0,10358500,21943800,36693600
0,0,1001500,0,999200,0,8533600,0,11534800
0,2349500,0,0,1000600,0,9529100,20170700,33049900
0,0,0,0,1444700,0,8521000,0,9965700
0,2190500,0,0,2005900,0,0,20024600,24221000
0,0,0,0,1926400,0,8504700,0,10431100
0,1667700,0,0,2038300,0,9049900,18303300,31059200
0,506000,0,0,1005500,0,9049800,0,10561300
0,2001800,0,0,1508600,0,8371100,21155100,33036600
0,0,0,0,2003500,0,9798700,0,11802200
0,1361800,0,1258600,1137100,0,7521100,18038600,29317200
0,0,0,0,2005500,0,9511800,0,12517300
0,2005900,0,0,999800,0,7785400,20022600,31322200
0,0,0,0,1234300,1011200,8590000,0,10980900
0,1505200,0,0,2008800,0,7743000,21763600,33020600
0,0,0,0,1051000,0,9859700,0,10910700
0,997800,0,0,2050900,0,9063400,19797600,31909700
0,0,0,0,1000300,0,9957600,0,10957900
0,2001300,0,0,2063100,0,8012400,19443000,31519800
0,0,0,0,2175100,0,9542100,0,11717200
0,1189400,0,0,1997000,0,8836000,21149300,33171700
0,0,0,0,1000300,998600,7516700,0,10915500
0,2004700,0,0,2285500,0,8865600,20531600,33687400
0,0,0,0,1483900,0,8562300,0,10046200
0,0,0,0,2008400,0,0,0,2008400
0,2434700,0,0,2061900,0,8452400,19340800,32289800
0,0,0,0,1131400,0,0,0,2143200
0,2001000,0,0,2427100,0,26152200,19853300,51440000
0,0,0,0,1403700,0,8985600,0,10389300
0,2427300,0,0,2005300,0,9963200,18250400,32646200
0,0,0,0,2573800,0,12743800,0,15317600
0,2485200,0,0,999700,0,23891600,22475800,49852300
0,0,0,0,2001300,0,18309600,0,20310900
0,1232700,0,0,2007000,0,0,21982300,25222000
0,0,0,0,2001000,0,14772800,0,16773800
0,1166500,0,0,2573400,0,6325400,20412500,30477800
0,0,0,0,2015000,0,0,0,3014300
0,3018900,0,0,1301700,0,4057600,19946300,28324500
0,0,0,0,1246700,0,5012500,0,6259200
0,1107700,0,0,2041400,0,0,21663500,24812600
0,0,0,0,1508200,0,7514900,0,9023100
0,0,0,0,2000700,0,6566300,0,8567000
0,2196600,0,0,1508300,0,5007800,19425100,29149100
0,0,0,0,1139500,0,6734400,0,7873900
0,2484600,0,0,2038900,0,5004800,23218800,32747100
0,0,0,0,1845900,0,6281200,0,8127100
0,1505600,0,1006400,1004200,0,5003000,24247200,32766400
0,0,0,0,1505900,0,22105200,0,23611100
0,5613100,0,0,3303400,0,13396300,19601900,43964000
0,0,0,0,1157600,1005900,6977200,0,9140700
0,2002700,0,0,999000,0,7030700,19530200,29562600
0,0,0,0,1050900,1006900,5512400,0,7570200
0,2222300,0,0,1326200,0,20417800,22953600,46919900
0,0,0,0,2002500,0,8519800,0,10522300
0,2015100,0,0,2000300,0,7602900,21088700,32707000
0,0,0,0,999800,998200,9222000,0,11220000
0,3006000,0,0,2001000,0,20697900,23031200,48736100
0,0,0,0,1054000,0,9012100,0,10066100
0,1920600,0,0,2062700,0,8503100,18657000,31143400
0,0,0,0,2003000,0,9737500,0,11740500
0,2239000,0,0,1505500,0,12138700,18587800,34471000
0,0,0,0,2000800,0,16928800,0,18929600
0,2370200,0,0,2000000,0,12411200,23293800,40075200
0,0,0,0,998300,0,0,0,998300
0,2000100,0,0,1002900,0,11068200,21739500,35810700
0,0,0,0,2000400,0,10512900,0,12513300
0,1998200,0,0,999500,0,13757200,18204500,34959400
0,0,0,0,2507700,0,14305600,0,16813300
0,2207700,0,0,1511100,0,25731900,25893300,57350100
0,0,0,0,2002400,0,13549600,0,15552000
0,1223000,0,0,1005400,0,23043000,22060100,47331500
0,0,0,0,2009700,0,50994200,0,53003900
0,0,0,0,1011500,0,0,0,2016600
0,3011200,0,0,1009400,0,16384700,23561000,43966300
0,0,0,0,1118700,0,15339700,0,16458400
0,1826900,0,0,2009000,0,15601500,21051300,40488700
0,0,0,0,1000200,0,15802300,0,16802500
0,1000800,0,0,2512500,0,12545300,21046800,37105400
0,0,0,0,1002600,0,14282200,0,15284800
0,2000000,0,0,999800,0,10525400,19696300,33221500
0,0,0,0,2008700,0,0,0,2515000
0,2000300,0,0,2505100,0,17031800,23453200,44990400
0,0,0,0,1997500,0,16283300,0,18280800
0,1391000,0,0,1007900,0,0,21633400,24032300
0,0,0,0,1084900,915500,17814300,0,19814700
506600,1006200,0,0,2005200,0,14754000,18032200,37386900
0,0,0,0,1503400,0,15547500,0,17050900
0,2002900,0,547100,2040400,0,0,21418400,26008800
0,0,0,0,1325700,0,12154100,0,14411700
0,2000700,0,0,1509000,0,14001600,17361000,35884800
0,0,0,0,2000100,0,30160400,0,32160500
0,2006300,0,0,1992800,0,14041000,25790400,43830500
0,0,0,0,2008300,0,15246000,0,17254300
0,2310200,0,0,2146100,0,16060000,25052800,45569100
0,0,0,0,1282200,0,10146400,0,11428600
0,1264700,0,0,2517500,0,35085600,23068100,61935900
0,0,0,0,1008700,0,14183600,0,16674500
0,0,0,0,3082700,0,0,0,3082700
0,3014900,0,0,1000400,1002200,10513400,22196700,37727600
0,0,0,506400,1007200,0,16112000,0,17625600
505800,2515000,0,0,2005400,0,17287900,23060200,45374300
0,0,0,0,2233700,0,16521100,0,18754800
0,2058800,0,0,2006800,0,16584400,22157100,42807100
0,0,0,0,1003100,0,0,0,1003100
0,2008400,0,0,998400,0,28176200,25431500,56614500
6827500,0,0,0,999100,0,18050200,0,25876800
0,2255800,0,0,999800,0,19270400,17333700,39859700
0,0,0,0,2250500,0,15973200,0,18223700
0,1923900,0,0,1009500,0,19417900,21192700,43544000
0,0,0,0,1949100,0,19129600,1003800,22082500
0,2502500,0,0,1008100,0,20608800,24343600,48463000
0,0,0,0,1505100,0,17419200,0,18924300
0,2126000,0,0,1508100,0,0,21073700,24707800
0,0,0,0,1243600,0,17227700,0,18471300
0,3016200,0,0,1509000,0,18086800,23564300,46176300
0,0,0,0,1436800,0,0,0,1436800
0,2004600,0,0,2001000,0,15553700,21095800,40655100
0,0,0,0,2004900,0,18645200,0,20650100
0,2002000,0,0,999400,0,17209900,18979200,39190500
0,0,0,0,2157700,0,20391000,0,22548700
0,2015500,0,0,2002100,0,16446100,22096300,42560000
0,0,0,0,2531400,0,0,0,2531400
0,1192700,0,0,2042600,0,17357700,19114000,39707000
0,0,0,0,2000500,0,18702200,0,20702700
0,1261000,0,0,1094300,0,18389900,18889900,39635100
0,0,0,0,2367500,0,20221500,0,22589000
0,2003800,0,0,2509600,0,18613600,21171000,44298000
0,0,0,0,2443400,0,11736800,0,14180200
0,2002800,0,0,1002100,0,0,18591900,22595700
0,0,0,0,1001000,0,14671700,0,15672700
0,2002500,0,0,999800,0,11698800,21570600,36271700
0,0,0,0,2001600,0,14200200,0,16706200
0,2003000,0,0,1998300,0,18043100,18694400,40738800
0,0,0,0,2000700,0,23422400,0,25423100
0,2007600,0,0,1997800,0,11711000,23062500,38778900
0,0,0,0,2008700,0,26081800,0,28090500
0,0,0,0,947000,0,14128400,0,15075400
0,2515900,0,0,1013400,0,29220800,21061600,54819100
0,0,0,0,1505900,0,0,0,1505900
0,2421500,0,0,1001600,0,13678600,23051100,40152800
0,0,0,0,1996900,0,30022100,0,32019000
0,2015200,0,0,1999900,0,13253400,20481800,37750300
0,0,0,0,2006400,0,14517500,0,16523900
0,2270100,0,0,1106900,0,10557500,20926100,34860600
0,0,0,0,999900,999500,9194400,0,11193800
0,2011400,0,0,1994900,0,11001300,21183600,36191200
0,0,0,0,1505100,0,10740300,0,12245400
0,1192500,0,0,2018800,0,11559800,20418900,35190000
0,0,0,0,1001400,0,0,0,1001400
0,0,0,0,2384700,0,14066700,0,16451400
0,2415700,0,0,1505600,0,10968400,19014900,33904600
0,0,0,0,2715800,0,10275200,0,12991000
0,2458300,0,0,1469100,0,11517700,20087400,35532500
0,0,0,0,2000100,0,9053100,0,11053200
0,2681600,0,0,3004900,0,28076700,22072800,55836000
0,0,0,0,1998000,1001200,25591700,0,28590900
0,1997700,0,1000700,2466100,0,0,20042500,25507000
0,0,0,0,2001800,0,19065100,0,21066900
0,2301500,0,0,3015900,0,28704600,19084500,53106500
0,0,0,0,1999200,0,13117900,0,15117100
0,2490200,0,0,2002100,0,29107600,22893300,56493200
0,0,0,0,4001600,0,17762300,0,22762600
0,2006900,0,0,2998400,0,0,19659300,24664600
0,0,0,0,2453000,0,15494400,0,17947400
0,2937000,0,0,3118600,0,18210000,21194400,45460000
0,0,0,0,2272600,0,14358500,0,16631100
0,2249600,0,0,1997400,0,19261300,18430500,41938800
0,0,0,0,2625100,0,16038300,0,18663400
508300,4331700,0,0,2548700,0,17198300,17187200,41774200
0,0,0,0,2477800,1030700,16169800,0,19678300
0,3177700,0,0,1999900,0,0,20495200,25672800
0,0,0,0,3000600,0,16378800,0,19379400
0,0,0,0,2000000,1000600,17895700,0,20896300
0,2221100,0,0,2999900,0,15433800,17525100,38179900
0,0,0,0,3253900,0,52169900,0,55423800
0,2704000,0,0,2827600,0,20429800,19038500,44999900
0,0,0,0,2512000,0,0,0,2512000
0,1844300,0,0,3010600,0,17265300,20566600,42686800
0,0,0,0,2757900,0,13723300,0,16481200
0,2133300,0,0,2002300,0,18417300,20039000,42591900
0,0,0,0,2006000,0,13862500,0,15868500
0,2042700,0,0,2357100,0,17199200,20383800,41982800
0,0,0,0,3434200,0,19397100,0,22831300
0,2000300,0,0,2536900,0,18374900,16228900,39141000
505700,0,0,0,2279400,0,0,0,2785100
0,2993400,0,999200,2559400,0,20287300,20738200,47577500
0,0,0,0,2421300,0,21501700,0,23923000
0,2242300,0,0,1999600,0,17073000,23390200,44705100
0,0,0,0,4000200,0,17734000,0,21734200
0,507100,0,0,2114900,505800,10596300,0,13724100
0,2143800,0,0,2330000,0,26529600,20959000,51962400
0,0,0,0,1995400,0,0,0,1995400
0,2250200,0,0,2000000,0,11806900,17097700,33154800
0,0,0,0,2998100,0,11984400,0,14982500
0,2000100,0,0,1999300,1000100,11523500,18034900,34557900
0,0,0,0,3312500,0,12514200,0,17280900
0,2000000,0,0,2004800,0,23594400,20487400,48086600
0,0,0,0,2335400,0,8949900,0,11285300
0,1883300,0,0,3001900,0,14761400,18721300,38367900
0,0,0,0,2815500,0,23237500,0,26053000
0,0,0,0,1506000,0,0,0,2905300
0,2511400,0,0,2392400,997700,13549700,24183500,44773200
0,0,0,0,2300000,0,0,0,2300000
0,2005700,0,0,2999800,0,12961800,17598900,35566200
0,0,0,0,2944800,0,14514600,0,17459400
0,2001000,0,0,2997900,0,13032600,20481400,38512900
0,0,0,0,3901100,0,14935000,0,18836100
0,0,0,0,3004100,0,13380800,0,16384900
0,3370100,0,0,3426700,0,0,21655300,28452100
0,0,0,0,2505800,0,12818300,0,15324100
0,1451500,0,0,3955000,0,11009200,16628200,33043900
0,0,0,0,2000200,0,10323100,0,12323300
507700,2009400,0,0,2001500,0,10035300,18543900,33097800
0,0,0,0,3000900,0,22044900,0,25045800
0,2329200,0,0,2485700,0,13126600,21049900,38991400
0,0,0,0,1996800,0,25554500,0,27551300
0,2000200,0,0,2504200,1009100,22719700,26182200,54415400
0,0,0,0,3572300,0,0,0,3572300
0,2000600,0,0,2005400,0,29363600,19469800,52839400
0,0,0,0,2111400,0,20076800,0,22188200
0,2001200,0,0,2999500,0,0,18869000,23869700
0,0,0,0,2007100,997600,26551300,0,30554200
0,2009800,0,0,3005900,0,23547300,21451400,50014400
0,0,0,0,1936800,0,13633800,0,15570600
0,2515800,0,0,3462100,0,27740100,23328200,57046200
0,0,0,0,2429900,1689900,15920500,0,20040300
0,3130300,0,0,3516500,0,0,21192300,28840500
0,0,0,0,2998400,0,24049100,0,27047500
0,1998900,0,0,2998400,0,19520700,19794900,44312900
0,0,0,0,2002900,0,14048500,0,16051400
0,2368600,0,0,2998500,0,14464400,22338400,42169900
505400,0,0,0,3005900,0,15533600,0,19044900
0,0,0,0,2007700,0,0,0,2007700
0,3082900,0,0,1725600,0,20051500,18292100,43152100
0,0,0,0,3007300,0,14700000,0,17707300
0,3009700,0,0,1999500,0,27484000,21372500,53865700
0,0,0,0,2276500,0,14766800,0,17043300
0,4267900,0,0,1999700,0,26437800,21146300,53851700
0,512600,0,0,2052700,1024100,17009300,0,20598700
0,2893400,0,0,2003100,0,14814700,23372200,44082400
0,0,0,0,2873300,0,0,0,2873300
1002700,2150100,0,0,1999900,0,14520000,22663800,43344300
0,0,0,0,2394200,0,0,0,2394200
0,2000400,0,0,2506600,0,16045900,19033000,39585900
0,0,0,0,2452900,0,14343100,0,16796000
0,3003500,0,0,2784100,0,14742700,20856900,41387200
0,0,0,0,1482900,0,18090500,0,19573400
0,1886800,0,0,3530900,0,14719600,23567800,43705100
0,0,0,506500,2010200,0,14520400,0,17037100
0,2513900,0,0,3006100,0,14582700,23852400,44956300
0,0,0,0,2892400,0,11963500,0,14855900
0,1505100,0,0,2008800,0,11948000,19398900,35860500
0,0,0,0,3508800,0,9531100,0,13039900
0,1215800,0,0,3094200,0,0,17041500,22839900
0,0,0,0,2997300,0,15490700,0,18488000
0,0,0,0,3507700,0,13279800,0,16787500
0,2213300,0,0,1470200,0,11278100,21213400,36175000
509200,0,0,0,2009600,0,10956900,0,14475600
0,1686700,0,1019500,1997800,0,10518800,19388900,34611700
1010400,0,0,0,3000800,0,10520400,0,14531600
0,2006100,0,0,3005200,0,0,22244600,27255900
0,0,0,0,3510000,0,25574600,0,30083500
0,1998600,0,0,2511100,0,0,18527800,23037500
0,0,0,0,3366400,1082900,18694300,0,23143600
0,1275400,0,0,2013000,0,12593600,22014600,37896600
0,0,0,0,2398300,0,0,0,2398300
0,0,0,0,3510300,0,11247100,0,15756700
0,2004100,0,0,1999800,0,8549400,22135200,34688500
0,0,0,0,2997600,0,9527700,0,13524600
0,1301300,0,0,3004800,0,10514200,20299300,35119600
0,0,0,0,3002700,0,7880100,0,10882800
0,1004100,0,0,999700,0,8532900,19698100,31239600
0,511200,0,0,2021300,0,8522200,0,11054700
0,1506400,0,0,3015800,0,13176700,18434600,36133500
0,0,0,0,2928200,0,21015300,0,23943500
0,1453200,0,0,3572000,0,10226800,21042200,36294200
0,0,0,0,3001500,0,9677400,0,12678900
0,2000400,0,0,3002200,0,0,20651600,26160000
0,505900,0,0,2015000,0,8521100,0,11042000
0,2003600,0,0,1998100,0,14033100,20798400,38833200
825900,0,0,0,2007800,0,10531000,0,13364700
0,2008700,0,0,3019200,0,8493200,20875900,34397000
0,0,0,0,3152200,0,0,0,3657300
0,3530100,0,0,2998400,0,9539300,21693500,37761300
0,0,0,0,3005200,0,8968000,0,11973200
0,2006600,0,0,2505100,0,9010700,21055500,35085800
0,0,0,0,2403900,0,7639700,0,10043600
0,0,0,0,2999100,0,9526500,0,12525600
0,2001300,0,0,3001500,0,7867300,19817100,32687200
0,0,0,0,2594700,0,9685400,0,12280100
0,1998400,0,0,2003100,0,9017000,18038600,31057100
0,0,0,0,2999200,0,0,0,2999200
0,2006400,0,0,2997400,0,22090700,21823900,48918400
0,0,0,0,2006900,0,9532800,0,11539700
0,0,0,0,2128000,0,11517200,0,13645200
0,2503100,0,0,3009500,0,10006900,28064700,43584200
0,0,0,0,2223300,0,6518900,0,8742200
0,1995600,0,0,2510200,0,8896300,18754200,32156300
0,0,0,0,3996600,0,9926400,0,13923000
0,1999500,0,0,1999900,0,0,19475100,23474500
0,0,0,0,2255300,0,8965900,0,11221200
0,2994300,0,0,3444800,0,6900900,20085800,33425800
0,0,0,0,2515200,0,12332200,0,14847400
0,2018300,0,0,1999800,0,16023100,21483400,41524600
0,506200,0,0,2008800,0,7574700,0,10089700
0,0,0,0,2398300,0,18403400,0,20801700
0,1515100,0,0,3005100,0,10509200,25862300,40891700
0,0,0,0,2912500,0,21365800,0,24278300
0,2519900,0,0,3009500,0,6296100,25899400,37724900
0,1001200,0,0,2973600,0,7030600,0,11005400
0,2334400,0,0,2019700,0,6007400,23167400,33528900
0,0,0,0,3001200,0,0,0,3001200
0,0,0,0,3000000,0,6028300,0,9028300
0,1952300,0,0,2999200,0,6527400,24118300,35597200
0,0,0,0,2212600,0,6524800,0,8737400
0,2007200,0,0,2998100,0,7518100,26464400,38987800
0,0,0,1000300,2532600,997500,5558200,0,10088600
0,1999400,0,0,1509100,0,6017300,24529300,34055100
0,0,0,0,2997500,0,0,0,2997500
0,0,0,0,3505500,0,7011200,0,10516700
0,2347000,0,0,2054700,0,6009300,22704800,33621000
0,0,0,0,2001000,0,6511300,0,8512300
0,1001200,0,999100,1999100,504100,5009700,22889100,32402300
0,0,0,0,3003700,0,6512300,0,9516000
0,1508200,0,0,2010700,0,5514600,34079300,43112800
0,0,0,0,3318100,0,7535500,0,10853600
0,1996300,0,0,3001000,0,6527500,20928600,32453400
0,0,0,0,3128900,0,5524300,0,8653200
0,3018500,0,0,3986300,0,0,22053900,29058700
0,0,0,0,2171400,0,4998200,0,7169600
0,2001500,0,0,2522400,0,9404200,21556900,35485000
0,0,0,0,2262200,0,6517500,0,8779700
0,2348100,0,0,2517600,1011400,6992600,25118700,37988400
0,0,0,0,3272400,0,6524800,0,9797200
0,0,0,0,2278100,999900,5521200,0,9799700
0,2007000,0,0,3503700,0,7014400,22980300,35505400
11331300,1991900,0,0,2509800,0,5520200,25124100,46477300
0,1504400,0,0,3009600,0,6000100,22256400,33855600
0,0,0,0,2537200,0,8518800,0,11056000
506800,2023000,0,0,3006200,0,8034400,19215600,33785700
0,0,0,0,3715300,0,0,0,3715300
0,1997900,0,0,2284600,0,5515100,23053300,32850900
0,0,0,0,2999600,0,6765800,0,9765400
0,1998400,0,0,3000800,0,5519700,17808200,28327100
0,0,0,0,3003400,0,5814400,0,8817800
0,1085400,0,0,3141100,0,5517100,22589900,32333500
0,0,0,0,2915300,0,6930500,0,9845800
0,1942200,0,0,2004700,0,7517700,23472900,34937500
0,0,0,0,2518200,0,4397100,0,7921300
0,2007000,0,0,2509900,0,6009400,24543500,35069800
0,0,0,0,4001200,0,6021600,0,10022800
0,0,0,0,2272400,0,5510100,0,7782500
0,2369900,0,0,1999700,0,6513600,23270000,34153200
0,0,0,0,4000300,0,5514800,0,9515100
0,2005300,0,0,3999900,0,6954600,22732100,35691900
0,2007500,0,0,2998600,0,7905800,22619700,35531600
0,0,0,0,3523600,0,7511900,0,11035500
0,1511400,0,0,3018800,0,4014500,20671700,29216400
0,0,0,0,2591300,0,6388400,0,8979700
0,1002900,0,0,3530100,0,7039400,22844300,34416700
0,0,0,0,2632700,0,5514200,0,8146900
0,2003200,0,0,2997200,0,6243600,19502300,30746300
0,0,0,0,2514400,0,5043100,0,7557500
0,2005300,0,0,2490200,0,5439300,21383700,31318500
0,0,0,0,2551400,0,7006400,0,9557800
0,0,0,0,3003800,0,5520900,0,8524700
0,2000400,0,0,3000400,0,7519100,26554900,39074800
