p1,p2
3385000.0,0.0
39480100.0,1010500.0
58189500.0,1006900.0
43971300.0,0.0
42574300.0,0.0
45062700.0,1432100.0
34630100.0,1000200.0
38468900.0,0.0
46072700.0,1016600.0
54354600.0,999800.0
64850800.0,1510700.0
59077400.0,1006400.0
57649600.0,0.0
52082500.0,997600.0
51699700.0,1157800.0
43646800.0,1013300.0
37464800.0,0.0
35220700.0,1001700.0
46586300.0,0.0
22069500.0,998100.0
19575300.0,999800.0
20961200.0,998600.0
25434400.0,1039900.0
35062100.0,0.0
51165400.0,508300.0
52018800.0,1009400.0
50609500.0,1492400.0
48312700.0,0.0
36666100.0,1278700.0
46624900.0,1008400.0
41586000.0,0.0
52997900.0,1251700.0
43521500.0,1001600.0
36587000.0,0.0
41618700.0,1302000.0
44743600.0,0.0
55785100.0,998800.0
39384700.0,1007600.0
29137500.0,0.0
28579200.0,1002800.0
33287800.0,1000100.0
40463900.0,1010300.0
34793400.0,1151100.0
27061800.0,1405300.0
29665500.0,0.0
43207400.0,1001200.0
45020200.0,0.0
31270900.0,0.0
27357300.0,0.0
19568300.0,1000800.0
25402400.0,0.0
30225900.0,0.0
34891400.0,1005100.0
28549600.0,0.0
26317000.0,0.0
22836900.0,1138000.0
22737000.0,507700.0
27787600.0,0.0
33034400.0,0.0
40621600.0,0.0
28826800.0,1368500.0
34680300.0,1007800.0
33557700.0,1323100.0
35993200.0,0.0
33446900.0,1000700.0
36726300.0,0.0
44688400.0,1010500.0
47508100.0,999400.0
50620600.0,1011600.0
53494700.0,1009600.0
53305700.0,999100.0
70766600.0,2014700.0
74696000.0,1002200.0
57060700.0,1001200.0
58867400.0,1000100.0
57140200.0,1001600.0
42713500.0,0.0
30874600.0,0.0
29029600.0,0.0
33916400.0,1005100.0
31292000.0,1488400.0
32770400.0,1537100.0
27071300.0,1006000.0
27185100.0,1000400.0
21478700.0,0.0
22668200.0,1031800.0
35793700.0,1192900.0
33137600.0,0.0
27023900.0,1254100.0
23046500.0,1511500.0
28203500.0,1213100.0
18470300.0,1011400.0
27112200.0,1449000.0
58837500.0,1010200.0
43627900.0,506800.0
45856500.0,999000.0
52138300.0,1000200.0
54556000.0,1241000.0
48697000.0,999900.0
36787600.0,1166200.0
43279200.0,1002900.0
53242400.0,930800.0
56820700.0,1446000.0
48876800.0,1447300.0
61099500.0,998100.0
59667000.0,1000900.0
57116000.0,1477500.0
63105100.0,0.0
45148800.0,1008000.0
48212600.0,1003300.0
47620500.0,0.0
47853700.0,1001200.0
31452500.0,1077600.0
35263300.0,0.0
23826000.0,0.0
19314800.0,0.0
27047300.0,0.0
37149300.0,1081000.0
37410600.0,1004000.0
35243700.0,1423300.0
52828400.0,1008000.0
58840500.0,1000000.0
56188900.0,1001700.0
78924300.0,1251400.0
69967200.0,998800.0
55343100.0,998300.0
50974800.0,0.0
36393100.0,1414000.0
47676800.0,1163100.0
56803800.0,1137300.0
52812300.0,1000800.0
56891500.0,1109800.0
60150400.0,999600.0
67358300.0,1024900.0
58810200.0,1001600.0
62533200.0,1432900.0
52291700.0,1431100.0
61540900.0,1009900.0
64229700.0,1006500.0
60900800.0,1505900.0
71379800.0,999200.0
61641000.0,1196400.0
45262700.0,1172500.0
26578600.0,0.0
,
38545900.0,1001000.0
39415700.0,1010200.0
42615600.0,1013500.0
43889200.0,1090300.0
49443900.0,0.0
57986900.0,999400.0
49513500.0,1000800.0
63619500.0,1007200.0
47205000.0,509000.0
49182600.0,1460300.0
63984400.0,1005900.0
52111300.0,1001900.0
47916400.0,999600.0
60532000.0,1002800.0
66939800.0,1059200.0
74044200.0,1997300.0
71511200.0,1003500.0
65760600.0,0.0
48163800.0,1002100.0
63636400.0,0.0
63261600.0,1304700.0
60582900.0,997400.0
74417900.0,997600.0
65254100.0,1001200.0
69022900.0,0.0
80283100.0,998300.0
71057200.0,1009000.0
67124800.0,0.0
57136300.0,1004800.0
34626200.0,0.0
41270700.0,1489200.0
57621500.0,0.0
63045700.0,1000800.0
60407300.0,1000300.0
51168200.0,998900.0
45274900.0,0.0
72337600.0,1001200.0
60048100.0,998900.0
63439900.0,1274500.0
56299600.0,1205800.0
32615000.0,1000600.0
42614600.0,0.0
47325300.0,1001400.0
50969000.0,1000300.0
53321000.0,1378500.0
45973800.0,998300.0
39571900.0,0.0
35363500.0,0.0
26306400.0,1015600.0
24213000.0,0.0
24705400.0,0.0
24950700.0,0.0
24626200.0,0.0
27836500.0,0.0
24933400.0,0.0
25765300.0,0.0
15045800.0,1000000.0
8535200.0,0.0
6330800.0,1461400.0
9320800.0,0.0
8538000.0,0.0
7688000.0,0.0
7904200.0,1000300.0
9212100.0,0.0
8122400.0,0.0
11687800.0,1002500.0
16537800.0,0.0
22114900.0,0.0
15800000.0,0.0
14875600.0,0.0
15699300.0,0.0
21289400.0,1000000.0
15711800.0,1002400.0
14038100.0,1004300.0
14049300.0,0.0
14612500.0,0.0
17261000.0,1506900.0
16010100.0,1003400.0
13537300.0,1420000.0
16051900.0,1000500.0
20659700.0,1509600.0
28862700.0,1000000.0
29000500.0,0.0
22360600.0,0.0
18074600.0,1002400.0
15735100.0,0.0
14006200.0,1508100.0
12950800.0,0.0
14169600.0,1001600.0
19776900.0,0.0
24730500.0,0.0
21071400.0,0.0
22094300.0,1005400.0
27105100.0,0.0
27974200.0,0.0
29730500.0,1001300.0
20458500.0,0.0
27241800.0,997300.0
28789400.0,0.0
32553800.0,1008000.0
32385700.0,1316100.0
22556400.0,1000700.0
28380000.0,999400.0
22043800.0,1000500.0
24919400.0,0.0
34608600.0,0.0
20383600.0,507400.0
22225300.0,0.0
27558200.0,0.0
26555600.0,1002400.0
22068700.0,0.0
20327700.0,0.0
19495900.0,1002400.0
29045900.0,0.0
32942600.0,1003700.0
38294600.0,1001100.0
34197300.0,1403700.0
32500900.0,0.0
55946100.0,1433200.0
38147700.0,1154600.0
44969000.0,1001600.0
62485900.0,999000.0
43353500.0,1000100.0
47622600.0,1436300.0
48238400.0,0.0
29285800.0,1001000.0
32307500.0,998000.0
35793400.0,1511600.0
46478200.0,0.0
37396400.0,998600.0
22775100.0,0.0
21053900.0,0.0
19552400.0,1008700.0
21083200.0,0.0
17796900.0,1002400.0
20921600.0,0.0
26186400.0,0.0
29234700.0,1008000.0
22811500.0,1027600.0
26230600.0,1013600.0
21846100.0,0.0
24867300.0,509700.0
24955300.0,1100000.0
34613500.0,0.0
34435000.0,0.0
33968200.0,1006500.0
49122300.0,1002200.0
28810600.0,1379500.0
26222000.0,1006600.0
18371900.0,1004700.0
18014700.0,1000700.0
21114200.0,0.0
21260200.0,1001400.0
19175100.0,1205900.0
20387800.0,0.0
17623900.0,0.0
19350000.0,1163300.0
18305400.0,0.0
17496400.0,0.0
17554300.0,0.0
15796500.0,1008400.0
18268700.0,0.0
15216800.0,0.0
16195200.0,0.0
19573300.0,0.0
19555400.0,507800.0
19877200.0,1009100.0
19039900.0,997900.0
19657300.0,0.0
17140000.0,1002500.0
16177000.0,0.0
25900800.0,0.0
21120900.0,0.0
24044100.0,0.0
17002200.0,0.0
13175600.0,0.0
11038000.0,999300.0
14067500.0,1081900.0
16532100.0,1008000.0
18993800.0,1000200.0
13826300.0,1236300.0
14664100.0,0.0
17235000.0,0.0
11716600.0,0.0
17705400.0,0.0
20050500.0,0.0
11550800.0,0.0
18630200.0,1008300.0
16759300.0,0.0
21231900.0,0.0
15897900.0,0.0
17329500.0,0.0
25294600.0,1003900.0
18067200.0,1007700.0
25663600.0,0.0
12763800.0,0.0
9245200.0,1003400.0
10065900.0,0.0
9943200.0,0.0
14330800.0,1001400.0
10877900.0,0.0
17091700.0,1235400.0
18105600.0,1012400.0
7395000.0,0.0
7061900.0,1300300.0
7232700.0,1504000.0
9264600.0,1001000.0
11055800.0,0.0
17086800.0,1195700.0
15857200.0,1014600.0
9831300.0,0.0
13845200.0,1498700.0
10527600.0,0.0
10117000.0,1365300.0
9539800.0,0.0
11521400.0,0.0
6339800.0,0.0
10839100.0,0.0
12482800.0,1005400.0
10520300.0,1281600.0
9642800.0,1469500.0
16361900.0,1014900.0
29252200.0,1127400.0
8976500.0,0.0
10853000.0,0.0
,
12874800.0,0.0
,
14094400.0,0.0
12791800.0,0.0
10023500.0,1260900.0
10477700.0,0.0
14046800.0,0.0
15428900.0,0.0
10531700.0,0.0
11673000.0,0.0
9924000.0,1003000.0
8511800.0,0.0
8330000.0,0.0
10150000.0,1506400.0
11399400.0,0.0
9789700.0,1107700.0
11513700.0,0.0
15059200.0,1369900.0
15452300.0,1506000.0
11489800.0,0.0
8522000.0,1000700.0
13551400.0,0.0
12535800.0,0.0
13004700.0,0.0
17041600.0,0.0
12504700.0,0.0
14061100.0,0.0
17063900.0,1131200.0
25582000.0,0.0
26796300.0,1003100.0
27351700.0,1507600.0
22557700.0,0.0
23384600.0,1001000.0
16396100.0,0.0
9552200.0,0.0
4079000.0,1462500.0
8515700.0,0.0
9624000.0,1008500.0
5508100.0,0.0
7525700.0,1372800.0
7092400.0,0.0
6677800.0,0.0
4370700.0,998800.0
3206500.0,0.0
4650000.0,1315900.0
5505800.0,0.0
7187300.0,0.0
5999300.0,0.0
7974200.0,0.0
3000400.0,0.0
3518100.0,0.0
5108600.0,0.0
2998500.0,1001700.0
2509300.0,0.0
