seed,num_landmarks,trajectory_name,u_noise,h_noise,player_mse,lm_mse
445,0,square_1,"[0.1, 0.1]","[2.0, 3.0]",0.022139633962741104,-1.0
445,0,square_1,"[0.1, 0.1]","[20.0, 25.0]",0.022139633962741104,-1.0
445,0,square_1,"[0.1, 0.1]","[40.0, 50.0]",0.022139633962741104,-1.0
445,0,square_1,"[0.5, 0.5]","[2.0, 3.0]",0.5499203387267491,-1.0
445,0,square_1,"[0.5, 0.5]","[20.0, 25.0]",0.5499203387267491,-1.0
445,0,square_1,"[0.5, 0.5]","[40.0, 50.0]",0.5499203387267491,-1.0
445,0,square_1,"[1, 1]","[2.0, 3.0]",2.213696775503362,-1.0
445,0,square_1,"[1, 1]","[20.0, 25.0]",2.213696775503362,-1.0
445,0,square_1,"[1, 1]","[40.0, 50.0]",2.213696775503362,-1.0
445,0,square_1,"[2, 2]","[2.0, 3.0]",8.898829016977867,-1.0
445,0,square_1,"[2, 2]","[20.0, 25.0]",8.898829016977867,-1.0
445,0,square_1,"[2, 2]","[40.0, 50.0]",8.898829016977867,-1.0
445,0,square_2,"[0.1, 0.1]","[2.0, 3.0]",0.019027279162009678,-1.0
445,0,square_2,"[0.1, 0.1]","[20.0, 25.0]",0.019027279162009678,-1.0
445,0,square_2,"[0.1, 0.1]","[40.0, 50.0]",0.019027279162009678,-1.0
445,0,square_2,"[0.5, 0.5]","[2.0, 3.0]",0.4759269358634688,-1.0
445,0,square_2,"[0.5, 0.5]","[20.0, 25.0]",0.4759269358634688,-1.0
445,0,square_2,"[0.5, 0.5]","[40.0, 50.0]",0.4759269358634688,-1.0
445,0,square_2,"[1, 1]","[2.0, 3.0]",1.9024037494919144,-1.0
445,0,square_2,"[1, 1]","[20.0, 25.0]",1.9024037494919144,-1.0
445,0,square_2,"[1, 1]","[40.0, 50.0]",1.9024037494919144,-1.0
445,0,square_2,"[2, 2]","[2.0, 3.0]",7.6055147859218755,-1.0
445,0,square_2,"[2, 2]","[20.0, 25.0]",7.6055147859218755,-1.0
445,0,square_2,"[2, 2]","[40.0, 50.0]",7.6055147859218755,-1.0
445,0,spiral_1,"[0.1, 0.1]","[2.0, 3.0]",0.026388607102558068,-1.0
445,0,spiral_1,"[0.1, 0.1]","[20.0, 25.0]",0.026388607102558068,-1.0
445,0,spiral_1,"[0.1, 0.1]","[40.0, 50.0]",0.026388607102558068,-1.0
445,0,spiral_1,"[0.5, 0.5]","[2.0, 3.0]",0.6596474282736535,-1.0
445,0,spiral_1,"[0.5, 0.5]","[20.0, 25.0]",0.6596474282736535,-1.0
445,0,spiral_1,"[0.5, 0.5]","[40.0, 50.0]",0.6596474282736535,-1.0
445,0,spiral_1,"[1, 1]","[2.0, 3.0]",2.654349505007673,-1.0
445,0,spiral_1,"[1, 1]","[20.0, 25.0]",2.654349505007673,-1.0
445,0,spiral_1,"[1, 1]","[40.0, 50.0]",2.654349505007673,-1.0
445,0,spiral_1,"[2, 2]","[2.0, 3.0]",10.750243824872499,-1.0
445,0,spiral_1,"[2, 2]","[20.0, 25.0]",10.750243824872499,-1.0
445,0,spiral_1,"[2, 2]","[40.0, 50.0]",10.750243824872499,-1.0
445,0,spiral_2,"[0.1, 0.1]","[2.0, 3.0]",0.0199320962259332,-1.0
445,0,spiral_2,"[0.1, 0.1]","[20.0, 25.0]",0.0199320962259332,-1.0
445,0,spiral_2,"[0.1, 0.1]","[40.0, 50.0]",0.0199320962259332,-1.0
445,0,spiral_2,"[0.5, 0.5]","[2.0, 3.0]",0.49877707396218046,-1.0
445,0,spiral_2,"[0.5, 0.5]","[20.0, 25.0]",0.49877707396218046,-1.0
445,0,spiral_2,"[0.5, 0.5]","[40.0, 50.0]",0.49877707396218046,-1.0
445,0,spiral_2,"[1, 1]","[2.0, 3.0]",1.9951055311708525,-1.0
445,0,spiral_2,"[1, 1]","[20.0, 25.0]",1.9951055311708525,-1.0
445,0,spiral_2,"[1, 1]","[40.0, 50.0]",1.9951055311708525,-1.0
445,0,spiral_2,"[2, 2]","[2.0, 3.0]",7.9643061258804275,-1.0
445,0,spiral_2,"[2, 2]","[20.0, 25.0]",7.9643061258804275,-1.0
445,0,spiral_2,"[2, 2]","[40.0, 50.0]",7.9643061258804275,-1.0
445,3,square_1,"[0.1, 0.1]","[2.0, 3.0]",0.02303226587473079,0.04285053417065155
445,3,square_1,"[0.1, 0.1]","[20.0, 25.0]",0.04508373801389977,2.478523405647923
445,3,square_1,"[0.1, 0.1]","[40.0, 50.0]",0.04164161862425216,12.832690100462122
445,3,square_1,"[0.5, 0.5]","[2.0, 3.0]",0.6110506000598641,1.3786784478401202
445,3,square_1,"[0.5, 0.5]","[20.0, 25.0]",0.48514565495135115,4.775170141800976
445,3,square_1,"[0.5, 0.5]","[40.0, 50.0]",0.49339558861348193,17.44205291410665
445,3,square_1,"[1, 1]","[2.0, 3.0]",2.382925938718793,6.683643522048067
445,3,square_1,"[1, 1]","[20.0, 25.0]",1.8361875067937876,10.337252771553416
445,3,square_1,"[1, 1]","[40.0, 50.0]",2.3502732505224992,20.833816863775883
445,3,square_1,"[2, 2]","[2.0, 3.0]",10.15649316849331,24.949023287088885
445,3,square_1,"[2, 2]","[20.0, 25.0]",12.828654966766974,41.98391014808797
445,3,square_1,"[2, 2]","[40.0, 50.0]",7.122798946001995,42.74074482412983
445,3,square_2,"[0.1, 0.1]","[2.0, 3.0]",0.019027279162009678,-1.0
445,3,square_2,"[0.1, 0.1]","[20.0, 25.0]",0.019027279162009678,-1.0
445,3,square_2,"[0.1, 0.1]","[40.0, 50.0]",0.019027279162009678,-1.0
445,3,square_2,"[0.5, 0.5]","[2.0, 3.0]",0.4759269358634688,-1.0
445,3,square_2,"[0.5, 0.5]","[20.0, 25.0]",0.4759269358634688,-1.0
445,3,square_2,"[0.5, 0.5]","[40.0, 50.0]",0.4759269358634688,-1.0
445,3,square_2,"[1, 1]","[2.0, 3.0]",1.9024037494919144,-1.0
445,3,square_2,"[1, 1]","[20.0, 25.0]",1.9024037494919144,-1.0
445,3,square_2,"[1, 1]","[40.0, 50.0]",1.9024037494919144,-1.0
445,3,square_2,"[2, 2]","[2.0, 3.0]",7.6055147859218755,-1.0
445,3,square_2,"[2, 2]","[20.0, 25.0]",7.6055147859218755,-1.0
445,3,square_2,"[2, 2]","[40.0, 50.0]",7.6055147859218755,-1.0
445,3,spiral_1,"[0.1, 0.1]","[2.0, 3.0]",0.02877154883460404,0.03019047875232508
445,3,spiral_1,"[0.1, 0.1]","[20.0, 25.0]",0.05718758583431549,0.36326422471564185
445,3,spiral_1,"[0.1, 0.1]","[40.0, 50.0]",0.030782002098589008,8.581523830561894
445,3,spiral_1,"[0.5, 0.5]","[2.0, 3.0]",0.904442863470301,0.7828575727261077
445,3,spiral_1,"[0.5, 0.5]","[20.0, 25.0]",1.1181587688233265,1.5715336879513568
445,3,spiral_1,"[0.5, 0.5]","[40.0, 50.0]",1.427241294368744,13.07095809911981
445,3,spiral_1,"[1, 1]","[2.0, 3.0]",3.2226081099036104,2.462584676457717
445,3,spiral_1,"[1, 1]","[20.0, 25.0]",2.603174254285325,6.4320123785860375
445,3,spiral_1,"[1, 1]","[40.0, 50.0]",1.730282042555197,13.649232954411408
445,3,spiral_1,"[2, 2]","[2.0, 3.0]",12.978147738837867,11.065525937371127
445,3,spiral_1,"[2, 2]","[20.0, 25.0]",11.632081638436187,9.760413536244986
445,3,spiral_1,"[2, 2]","[40.0, 50.0]",13.387268865633807,23.80488504019987
445,3,spiral_2,"[0.1, 0.1]","[2.0, 3.0]",0.0199320962259332,-1.0
445,3,spiral_2,"[0.1, 0.1]","[20.0, 25.0]",0.0199320962259332,-1.0
445,3,spiral_2,"[0.1, 0.1]","[40.0, 50.0]",0.0199320962259332,-1.0
445,3,spiral_2,"[0.5, 0.5]","[2.0, 3.0]",0.49877707396218046,-1.0
445,3,spiral_2,"[0.5, 0.5]","[20.0, 25.0]",0.49877707396218046,-1.0
445,3,spiral_2,"[0.5, 0.5]","[40.0, 50.0]",0.49877707396218046,-1.0
445,3,spiral_2,"[1, 1]","[2.0, 3.0]",1.9951055311708525,-1.0
445,3,spiral_2,"[1, 1]","[20.0, 25.0]",1.9951055311708525,-1.0
445,3,spiral_2,"[1, 1]","[40.0, 50.0]",1.9951055311708525,-1.0
445,3,spiral_2,"[2, 2]","[2.0, 3.0]",7.9643061258804275,-1.0
445,3,spiral_2,"[2, 2]","[20.0, 25.0]",7.9643061258804275,-1.0
445,3,spiral_2,"[2, 2]","[40.0, 50.0]",7.9643061258804275,-1.0
445,20,square_1,"[0.1, 0.1]","[2.0, 3.0]",0.02408366980987256,0.03035122954209979
445,20,square_1,"[0.1, 0.1]","[20.0, 25.0]",0.04434240363583124,2.69177162122848
445,20,square_1,"[0.1, 0.1]","[40.0, 50.0]",0.03685417038384763,10.72662612898687
445,20,square_1,"[0.5, 0.5]","[2.0, 3.0]",0.7610713494929707,0.1543502532458171
445,20,square_1,"[0.5, 0.5]","[20.0, 25.0]",0.9992390809444077,2.683212799644671
445,20,square_1,"[0.5, 0.5]","[40.0, 50.0]",3.005473153964746,12.474489091807197
445,20,square_1,"[1, 1]","[2.0, 3.0]",4.621192540527411,0.9238756669688131
445,20,square_1,"[1, 1]","[20.0, 25.0]",3.7831199668545388,3.0757673531504253
445,20,square_1,"[1, 1]","[40.0, 50.0]",9.917811860247248,13.98647449675762
445,20,square_1,"[2, 2]","[2.0, 3.0]",17.719846790697492,2.4392682772730114
445,20,square_1,"[2, 2]","[20.0, 25.0]",19.488966027660734,7.018425515899133
445,20,square_1,"[2, 2]","[40.0, 50.0]",12.177469877497122,16.98797420052172
445,20,square_2,"[0.1, 0.1]","[2.0, 3.0]",0.018894636997168923,0.024818711808432693
445,20,square_2,"[0.1, 0.1]","[20.0, 25.0]",0.019180568811837696,1.4533466860759057
445,20,square_2,"[0.1, 0.1]","[40.0, 50.0]",0.018294484423230964,8.384752300201118
445,20,square_2,"[0.5, 0.5]","[2.0, 3.0]",0.42045509668364595,0.21667644075178666
445,20,square_2,"[0.5, 0.5]","[20.0, 25.0]",1.0559004255710922,2.5937311591103343
445,20,square_2,"[0.5, 0.5]","[40.0, 50.0]",0.5293970958390829,12.676540081320043
445,20,square_2,"[1, 1]","[2.0, 3.0]",1.251107153895844,0.5220307694506917
445,20,square_2,"[1, 1]","[20.0, 25.0]",1.920207078246819,3.456696173078746
445,20,square_2,"[1, 1]","[40.0, 50.0]",1.6862156012297664,11.926816363285202
445,20,square_2,"[2, 2]","[2.0, 3.0]",4.1637566476115415,2.0103673561901942
445,20,square_2,"[2, 2]","[20.0, 25.0]",6.193130544802651,5.247582348582691
445,20,square_2,"[2, 2]","[40.0, 50.0]",6.118931837723956,9.556177881068706
445,20,spiral_1,"[0.1, 0.1]","[2.0, 3.0]",0.046269872475706214,0.04219600179684167
445,20,spiral_1,"[0.1, 0.1]","[20.0, 25.0]",0.02810701346878448,2.8765624203372644
445,20,spiral_1,"[0.1, 0.1]","[40.0, 50.0]",0.028248068110005835,11.792795511989734
445,20,spiral_1,"[0.5, 0.5]","[2.0, 3.0]",0.3888689263706485,0.22059521900655638
445,20,spiral_1,"[0.5, 0.5]","[20.0, 25.0]",0.5304736874402054,4.257439467284575
445,20,spiral_1,"[0.5, 0.5]","[40.0, 50.0]",1.4541600992811194,12.03557219987332
445,20,spiral_1,"[1, 1]","[2.0, 3.0]",0.7867249315014484,0.6138052108629561
445,20,spiral_1,"[1, 1]","[20.0, 25.0]",1.1386137544803379,5.671186603369635
445,20,spiral_1,"[1, 1]","[40.0, 50.0]",2.182279407480373,16.152318001571444
445,20,spiral_1,"[2, 2]","[2.0, 3.0]",10.531443128365291,5.26047782115523
445,20,spiral_1,"[2, 2]","[20.0, 25.0]",9.054866561647845,8.346785713968563
445,20,spiral_1,"[2, 2]","[40.0, 50.0]",17.009233610943742,23.251361581158946
445,20,spiral_2,"[0.1, 0.1]","[2.0, 3.0]",0.013332534051983641,0.010569013626363382
445,20,spiral_2,"[0.1, 0.1]","[20.0, 25.0]",0.05448863847373324,2.599609460084266
445,20,spiral_2,"[0.1, 0.1]","[40.0, 50.0]",0.059064103999848135,12.456219622858875
445,20,spiral_2,"[0.5, 0.5]","[2.0, 3.0]",0.70967761835936,0.5523660373906355
445,20,spiral_2,"[0.5, 0.5]","[20.0, 25.0]",1.9689939157755791,6.888099244544662
445,20,spiral_2,"[0.5, 0.5]","[40.0, 50.0]",1.769091398690355,16.781415746638967
445,20,spiral_2,"[1, 1]","[2.0, 3.0]",2.5706809199266463,2.1164564966997395
445,20,spiral_2,"[1, 1]","[20.0, 25.0]",5.373445671104875,7.2484903700978265
445,20,spiral_2,"[1, 1]","[40.0, 50.0]",2.5475431806193924,15.055356959717825
445,20,spiral_2,"[2, 2]","[2.0, 3.0]",12.508258593361012,9.823017776286676
445,20,spiral_2,"[2, 2]","[20.0, 25.0]",3.9113421241728004,2.7920828013849714
445,20,spiral_2,"[2, 2]","[40.0, 50.0]",8.440210662660437,10.098359758470583
445,50,square_1,"[0.1, 0.1]","[2.0, 3.0]",0.022798305064341575,0.051736018964252076
445,50,square_1,"[0.1, 0.1]","[20.0, 25.0]",0.05763721800844599,1.9381126711913357
445,50,square_1,"[0.1, 0.1]","[40.0, 50.0]",0.17497975790649292,12.524676719382947
445,50,square_1,"[0.5, 0.5]","[2.0, 3.0]",0.3115168789015934,0.13796965421778526
445,50,square_1,"[0.5, 0.5]","[20.0, 25.0]",0.15237552937112925,2.949476844798724
445,50,square_1,"[0.5, 0.5]","[40.0, 50.0]",0.881842732189665,15.281978895786734
445,50,square_1,"[1, 1]","[2.0, 3.0]",1.1693669550315886,0.928574773470682
445,50,square_1,"[1, 1]","[20.0, 25.0]",1.3043768849960973,4.103094543309399
445,50,square_1,"[1, 1]","[40.0, 50.0]",4.183503876098732,14.101120925528365
445,50,square_1,"[2, 2]","[2.0, 3.0]",4.568007561861626,3.3383476651954087
445,50,square_1,"[2, 2]","[20.0, 25.0]",1.6977661586647965,2.3981861361927512
445,50,square_1,"[2, 2]","[40.0, 50.0]",4.510562232766563,13.121781725861112
445,50,square_2,"[0.1, 0.1]","[2.0, 3.0]",0.01849123571225686,0.039013605087696177
445,50,square_2,"[0.1, 0.1]","[20.0, 25.0]",0.033275742817308246,2.490158807391539
445,50,square_2,"[0.1, 0.1]","[40.0, 50.0]",0.03434493805478118,10.394451701281431
445,50,square_2,"[0.5, 0.5]","[2.0, 3.0]",0.034668821640764784,0.03164483272772446
445,50,square_2,"[0.5, 0.5]","[20.0, 25.0]",0.5940681418217643,3.8171592003034416
445,50,square_2,"[0.5, 0.5]","[40.0, 50.0]",0.6556851609156054,12.612175894903608
445,50,square_2,"[1, 1]","[2.0, 3.0]",0.31035770312330474,0.2155804104136192
445,50,square_2,"[1, 1]","[20.0, 25.0]",1.278898193084612,4.10834560978432
445,50,square_2,"[1, 1]","[40.0, 50.0]",1.0399429162881104,12.846544117667904
445,50,square_2,"[2, 2]","[2.0, 3.0]",4.515497755900679,2.7297905699163145
445,50,square_2,"[2, 2]","[20.0, 25.0]",0.8255568259415519,3.822078741033082
445,50,square_2,"[2, 2]","[40.0, 50.0]",11.675394825059195,20.072711495264397
445,50,spiral_1,"[0.1, 0.1]","[2.0, 3.0]",0.007405063101703208,0.020158180640202323
445,50,spiral_1,"[0.1, 0.1]","[20.0, 25.0]",0.017608552121801232,2.2809463605216984
445,50,spiral_1,"[0.1, 0.1]","[40.0, 50.0]",0.10191112080221273,12.621333865657201
445,50,spiral_1,"[0.5, 0.5]","[2.0, 3.0]",0.5581798157602181,0.5601609887942798
445,50,spiral_1,"[0.5, 0.5]","[20.0, 25.0]",2.4897906926241213,3.348142525725745
445,50,spiral_1,"[0.5, 0.5]","[40.0, 50.0]",2.934458072877205,11.542635485422235
445,50,spiral_1,"[1, 1]","[2.0, 3.0]",1.6066028919009223,1.562354911422999
445,50,spiral_1,"[1, 1]","[20.0, 25.0]",2.462068471420266,5.355576146932536
445,50,spiral_1,"[1, 1]","[40.0, 50.0]",7.2958506269973995,18.94415495611837
445,50,spiral_1,"[2, 2]","[2.0, 3.0]",3.5381453175200663,5.152972053285077
445,50,spiral_1,"[2, 2]","[20.0, 25.0]",5.721910388810774,9.838463882279145
445,50,spiral_1,"[2, 2]","[40.0, 50.0]",11.246334823493026,21.19939780574713
445,50,spiral_2,"[0.1, 0.1]","[2.0, 3.0]",0.0021963601300536025,0.025082292599560928
445,50,spiral_2,"[0.1, 0.1]","[20.0, 25.0]",0.016619788360847976,2.4824098312496465
445,50,spiral_2,"[0.1, 0.1]","[40.0, 50.0]",0.15812386869219597,12.510551865960757
445,50,spiral_2,"[0.5, 0.5]","[2.0, 3.0]",0.03208422269433706,0.03650936938761623
445,50,spiral_2,"[0.5, 0.5]","[20.0, 25.0]",0.12699344108029248,2.809518485789629
445,50,spiral_2,"[0.5, 0.5]","[40.0, 50.0]",0.6299052349740333,16.148023354958113
445,50,spiral_2,"[1, 1]","[2.0, 3.0]",0.07432517904270898,0.054297032796802404
445,50,spiral_2,"[1, 1]","[20.0, 25.0]",0.30144290717139843,2.413768239663738
445,50,spiral_2,"[1, 1]","[40.0, 50.0]",3.2617245894596945,15.044765775476307
445,50,spiral_2,"[2, 2]","[2.0, 3.0]",0.36576260587919984,0.3158954773890702
445,50,spiral_2,"[2, 2]","[20.0, 25.0]",1.7137175103372964,2.973580126748551
445,50,spiral_2,"[2, 2]","[40.0, 50.0]",1.93274187455498,11.947189049068061
445,150,square_1,"[0.1, 0.1]","[2.0, 3.0]",0.015630778279527153,0.023979971704714324
445,150,square_1,"[0.1, 0.1]","[20.0, 25.0]",0.24772383640468407,2.604680677903644
445,150,square_1,"[0.1, 0.1]","[40.0, 50.0]",0.15605546213566046,12.098622525812399
445,150,square_1,"[0.5, 0.5]","[2.0, 3.0]",0.006784011424148367,0.013628104230196109
445,150,square_1,"[0.5, 0.5]","[20.0, 25.0]",0.20893684758812828,2.645800217345089
445,150,square_1,"[0.5, 0.5]","[40.0, 50.0]",0.9540016829209922,11.9702523311311
445,150,square_1,"[1, 1]","[2.0, 3.0]",0.015253487490027631,0.027445398131109758
445,150,square_1,"[1, 1]","[20.0, 25.0]",0.9671059482580734,2.6070330094601277
445,150,square_1,"[1, 1]","[40.0, 50.0]",1.6181614432633253,11.218680042408568
445,150,square_1,"[2, 2]","[2.0, 3.0]",0.0630663178259049,0.048505266943520656
445,150,square_1,"[2, 2]","[20.0, 25.0]",0.8350782649153187,2.4949051178886905
445,150,square_1,"[2, 2]","[40.0, 50.0]",5.795711966182296,14.584270967741192
445,150,square_2,"[0.1, 0.1]","[2.0, 3.0]",0.0031101786778875507,0.01620151102588624
445,150,square_2,"[0.1, 0.1]","[20.0, 25.0]",0.06603778075315893,1.9352113871252172
445,150,square_2,"[0.1, 0.1]","[40.0, 50.0]",0.110293879624254,10.418905288509173
445,150,square_2,"[0.5, 0.5]","[2.0, 3.0]",0.004385712086514874,0.028404429068925558
445,150,square_2,"[0.5, 0.5]","[20.0, 25.0]",0.07312221932261102,2.556604673562899
445,150,square_2,"[0.5, 0.5]","[40.0, 50.0]",0.6659378496552347,10.8374044799838
445,150,square_2,"[1, 1]","[2.0, 3.0]",0.007652178796738061,0.02258710751945455
445,150,square_2,"[1, 1]","[20.0, 25.0]",0.2562670943172453,2.564412259063557
445,150,square_2,"[1, 1]","[40.0, 50.0]",3.1491135771099437,12.282719132308612
445,150,square_2,"[2, 2]","[2.0, 3.0]",2.1034426746260357,1.7337233845490758
445,150,square_2,"[2, 2]","[20.0, 25.0]",0.20320813006975505,2.522448911296767
445,150,square_2,"[2, 2]","[40.0, 50.0]",3.4634435738593603,10.301932859716834
445,150,spiral_1,"[0.1, 0.1]","[2.0, 3.0]",0.0029926676305040483,0.019350391624695432
445,150,spiral_1,"[0.1, 0.1]","[20.0, 25.0]",0.06767941532673835,2.453482352600741
445,150,spiral_1,"[0.1, 0.1]","[40.0, 50.0]",0.12136803525213127,11.117247640449504
445,150,spiral_1,"[0.5, 0.5]","[2.0, 3.0]",0.004561506066304979,0.017233046857150314
445,150,spiral_1,"[0.5, 0.5]","[20.0, 25.0]",0.15158032677626262,2.3376167999343838
445,150,spiral_1,"[0.5, 0.5]","[40.0, 50.0]",1.6849541485410995,12.406525847380443
445,150,spiral_1,"[1, 1]","[2.0, 3.0]",0.01056597402017396,0.02265524754457965
445,150,spiral_1,"[1, 1]","[20.0, 25.0]",0.31981079276800994,2.4175900685394747
445,150,spiral_1,"[1, 1]","[40.0, 50.0]",4.278436298904893,13.833311983200566
445,150,spiral_1,"[2, 2]","[2.0, 3.0]",0.1672625120369672,0.16548927747572767
445,150,spiral_1,"[2, 2]","[20.0, 25.0]",0.6337754371724815,3.194872369203914
445,150,spiral_1,"[2, 2]","[40.0, 50.0]",6.051885931321186,13.443647533361192
445,150,spiral_2,"[0.1, 0.1]","[2.0, 3.0]",0.001196858293578818,0.0188264830563689
445,150,spiral_2,"[0.1, 0.1]","[20.0, 25.0]",0.06407899492678129,2.2229798162718746
445,150,spiral_2,"[0.1, 0.1]","[40.0, 50.0]",0.016399859484254826,11.505926740870638
445,150,spiral_2,"[0.5, 0.5]","[2.0, 3.0]",0.007242288155645457,0.02276200059247499
445,150,spiral_2,"[0.5, 0.5]","[20.0, 25.0]",0.06066291825067459,2.3490050984839974
445,150,spiral_2,"[0.5, 0.5]","[40.0, 50.0]",0.32837097110543934,13.26702947894925
445,150,spiral_2,"[1, 1]","[2.0, 3.0]",0.013001478853569184,0.02909703718524334
445,150,spiral_2,"[1, 1]","[20.0, 25.0]",0.08717131597495861,1.8925469471564607
445,150,spiral_2,"[1, 1]","[40.0, 50.0]",0.5859026812329803,11.051520264806765
445,150,spiral_2,"[2, 2]","[2.0, 3.0]",0.48759069058305443,0.47792593800650185
445,150,spiral_2,"[2, 2]","[20.0, 25.0]",0.40578274630567157,3.0709967660950483
445,150,spiral_2,"[2, 2]","[40.0, 50.0]",1.2342819205922158,13.480567150889794
727,0,square_1,"[0.1, 0.1]","[2.0, 3.0]",0.03478497058137008,-1.0
727,0,square_1,"[0.1, 0.1]","[20.0, 25.0]",0.03478497058137008,-1.0
727,0,square_1,"[0.1, 0.1]","[40.0, 50.0]",0.03478497058137008,-1.0
727,0,square_1,"[0.5, 0.5]","[2.0, 3.0]",0.8761887814890438,-1.0
727,0,square_1,"[0.5, 0.5]","[20.0, 25.0]",0.8761887814890438,-1.0
727,0,square_1,"[0.5, 0.5]","[40.0, 50.0]",0.8761887814890438,-1.0
727,0,square_1,"[1, 1]","[2.0, 3.0]",3.5469669825787973,-1.0
727,0,square_1,"[1, 1]","[20.0, 25.0]",3.5469669825787973,-1.0
727,0,square_1,"[1, 1]","[40.0, 50.0]",3.5469669825787973,-1.0
727,0,square_1,"[2, 2]","[2.0, 3.0]",14.618214663028061,-1.0
727,0,square_1,"[2, 2]","[20.0, 25.0]",14.618214663028061,-1.0
727,0,square_1,"[2, 2]","[40.0, 50.0]",14.618214663028061,-1.0
727,0,square_2,"[0.1, 0.1]","[2.0, 3.0]",0.028951633934272036,-1.0
727,0,square_2,"[0.1, 0.1]","[20.0, 25.0]",0.028951633934272036,-1.0
727,0,square_2,"[0.1, 0.1]","[40.0, 50.0]",0.028951633934272036,-1.0
727,0,square_2,"[0.5, 0.5]","[2.0, 3.0]",0.7174413637356906,-1.0
727,0,square_2,"[0.5, 0.5]","[20.0, 25.0]",0.7174413637356906,-1.0
727,0,square_2,"[0.5, 0.5]","[40.0, 50.0]",0.7174413637356906,-1.0
727,0,square_2,"[1, 1]","[2.0, 3.0]",2.9064706847217674,-1.0
727,0,square_2,"[1, 1]","[20.0, 25.0]",2.9064706847217674,-1.0
727,0,square_2,"[1, 1]","[40.0, 50.0]",2.9064706847217674,-1.0
727,0,square_2,"[2, 2]","[2.0, 3.0]",11.72176715852806,-1.0
727,0,square_2,"[2, 2]","[20.0, 25.0]",11.72176715852806,-1.0
727,0,square_2,"[2, 2]","[40.0, 50.0]",11.72176715852806,-1.0
727,0,spiral_1,"[0.1, 0.1]","[2.0, 3.0]",0.042182772438865895,-1.0
727,0,spiral_1,"[0.1, 0.1]","[20.0, 25.0]",0.042182772438865895,-1.0
727,0,spiral_1,"[0.1, 0.1]","[40.0, 50.0]",0.042182772438865895,-1.0
727,0,spiral_1,"[0.5, 0.5]","[2.0, 3.0]",1.0565378570797137,-1.0
727,0,spiral_1,"[0.5, 0.5]","[20.0, 25.0]",1.0565378570797137,-1.0
727,0,spiral_1,"[0.5, 0.5]","[40.0, 50.0]",1.0565378570797137,-1.0
727,0,spiral_1,"[1, 1]","[2.0, 3.0]",4.228821795083152,-1.0
727,0,spiral_1,"[1, 1]","[20.0, 25.0]",4.228821795083152,-1.0
727,0,spiral_1,"[1, 1]","[40.0, 50.0]",4.228821795083152,-1.0
727,0,spiral_1,"[2, 2]","[2.0, 3.0]",16.92094242240271,-1.0
727,0,spiral_1,"[2, 2]","[20.0, 25.0]",16.92094242240271,-1.0
727,0,spiral_1,"[2, 2]","[40.0, 50.0]",16.92094242240271,-1.0
727,0,spiral_2,"[0.1, 0.1]","[2.0, 3.0]",0.03410684119283833,-1.0
727,0,spiral_2,"[0.1, 0.1]","[20.0, 25.0]",0.03410684119283833,-1.0
727,0,spiral_2,"[0.1, 0.1]","[40.0, 50.0]",0.03410684119283833,-1.0
727,0,spiral_2,"[0.5, 0.5]","[2.0, 3.0]",0.8499370622970372,-1.0
727,0,spiral_2,"[0.5, 0.5]","[20.0, 25.0]",0.8499370622970372,-1.0
727,0,spiral_2,"[0.5, 0.5]","[40.0, 50.0]",0.8499370622970372,-1.0
727,0,spiral_2,"[1, 1]","[2.0, 3.0]",3.3922414384169084,-1.0
727,0,spiral_2,"[1, 1]","[20.0, 25.0]",3.3922414384169084,-1.0
727,0,spiral_2,"[1, 1]","[40.0, 50.0]",3.3922414384169084,-1.0
727,0,spiral_2,"[2, 2]","[2.0, 3.0]",13.466974709866017,-1.0
727,0,spiral_2,"[2, 2]","[20.0, 25.0]",13.466974709866017,-1.0
727,0,spiral_2,"[2, 2]","[40.0, 50.0]",13.466974709866017,-1.0
727,3,square_1,"[0.1, 0.1]","[2.0, 3.0]",0.029741173931893333,0.027757243761969808
727,3,square_1,"[0.1, 0.1]","[20.0, 25.0]",0.05113707949512546,1.33469206605668
727,3,square_1,"[0.1, 0.1]","[40.0, 50.0]",0.053474490092013875,6.900897838098202
727,3,square_1,"[0.5, 0.5]","[2.0, 3.0]",0.5653666363050649,0.31086940086366766
727,3,square_1,"[0.5, 0.5]","[20.0, 25.0]",1.3855517084283346,3.0088222246556238
727,3,square_1,"[0.5, 0.5]","[40.0, 50.0]",1.579108029953264,9.088853655190976
727,3,square_1,"[1, 1]","[2.0, 3.0]",2.42511644654773,1.3338594956075145
727,3,square_1,"[1, 1]","[20.0, 25.0]",2.8432931828311245,2.3019849447700893
727,3,square_1,"[1, 1]","[40.0, 50.0]",4.991003420297329,12.439914168294322
727,3,square_1,"[2, 2]","[2.0, 3.0]",14.570619884968666,6.7612211005833665
727,3,square_1,"[2, 2]","[20.0, 25.0]",17.02657336562071,8.788902770885178
727,3,square_1,"[2, 2]","[40.0, 50.0]",12.504940376365326,17.161774856887046
727,3,square_2,"[0.1, 0.1]","[2.0, 3.0]",0.05819271682386578,0.038986666727412835
727,3,square_2,"[0.1, 0.1]","[20.0, 25.0]",0.09334416544137294,2.031806246640036
727,3,square_2,"[0.1, 0.1]","[40.0, 50.0]",0.08425529020181892,7.127775948263964
727,3,square_2,"[0.5, 0.5]","[2.0, 3.0]",1.3151896832147985,0.655832554049477
727,3,square_2,"[0.5, 0.5]","[20.0, 25.0]",1.8184545732458104,2.969593157139579
727,3,square_2,"[0.5, 0.5]","[40.0, 50.0]",1.9459083198866354,7.34281170097612
727,3,square_2,"[1, 1]","[2.0, 3.0]",4.991209292559523,2.1988660593602565
727,3,square_2,"[1, 1]","[20.0, 25.0]",5.32121520523647,5.4506576596491145
727,3,square_2,"[1, 1]","[40.0, 50.0]",6.641228163838767,9.979153592824662
727,3,square_2,"[2, 2]","[2.0, 3.0]",20.955279408432112,9.165508634861789
727,3,square_2,"[2, 2]","[20.0, 25.0]",22.30859711665998,15.855186442524989
727,3,square_2,"[2, 2]","[40.0, 50.0]",20.804223964552364,17.95732873325569
727,3,spiral_1,"[0.1, 0.1]","[2.0, 3.0]",0.0447858857379396,0.0505910216271295
727,3,spiral_1,"[0.1, 0.1]","[20.0, 25.0]",0.05154944312161097,3.173569305971709
727,3,spiral_1,"[0.1, 0.1]","[40.0, 50.0]",0.040033323649905014,10.584231612848031
727,3,spiral_1,"[0.5, 0.5]","[2.0, 3.0]",1.017673951342967,0.20011528128004674
727,3,spiral_1,"[0.5, 0.5]","[20.0, 25.0]",1.2154139921762255,2.8130703670443986
727,3,spiral_1,"[0.5, 0.5]","[40.0, 50.0]",0.7234385028897107,12.787570529282805
727,3,spiral_1,"[1, 1]","[2.0, 3.0]",3.199223211949642,0.5184663931529856
727,3,spiral_1,"[1, 1]","[20.0, 25.0]",3.0865802914646965,3.7540783640520847
727,3,spiral_1,"[1, 1]","[40.0, 50.0]",11.36777921713928,13.897789366058193
727,3,spiral_1,"[2, 2]","[2.0, 3.0]",38.380555498211244,10.469577913612067
727,3,spiral_1,"[2, 2]","[20.0, 25.0]",40.28637171915254,25.784558431378727
727,3,spiral_1,"[2, 2]","[40.0, 50.0]",44.08903644076142,43.731262195134356
727,3,spiral_2,"[0.1, 0.1]","[2.0, 3.0]",0.016510801941988746,0.012457791893984035
727,3,spiral_2,"[0.1, 0.1]","[20.0, 25.0]",0.010912826794146367,1.8653299696275423
727,3,spiral_2,"[0.1, 0.1]","[40.0, 50.0]",0.03225074591065198,12.635571007262463
727,3,spiral_2,"[0.5, 0.5]","[2.0, 3.0]",0.3804697268188579,0.1399987879957966
727,3,spiral_2,"[0.5, 0.5]","[20.0, 25.0]",0.5048192531286916,2.9683327012412892
727,3,spiral_2,"[0.5, 0.5]","[40.0, 50.0]",0.42540930334274213,8.523997212166348
727,3,spiral_2,"[1, 1]","[2.0, 3.0]",1.596391474551273,0.8029024450118464
727,3,spiral_2,"[1, 1]","[20.0, 25.0]",0.982686359806303,4.7570968223933185
727,3,spiral_2,"[1, 1]","[40.0, 50.0]",3.3348525559142614,13.354407933903344
727,3,spiral_2,"[2, 2]","[2.0, 3.0]",23.055779178624814,11.708251525401455
727,3,spiral_2,"[2, 2]","[20.0, 25.0]",11.000960520736493,9.370441503884953
727,3,spiral_2,"[2, 2]","[40.0, 50.0]",9.804370860554506,16.742948403705977
727,20,square_1,"[0.1, 0.1]","[2.0, 3.0]",0.015415835082080479,0.03303634516469392
727,20,square_1,"[0.1, 0.1]","[20.0, 25.0]",0.09987513594669055,2.690354087549054
727,20,square_1,"[0.1, 0.1]","[40.0, 50.0]",0.025900594534813692,12.223275571304502
727,20,square_1,"[0.5, 0.5]","[2.0, 3.0]",0.3330334507079776,0.41054380757784265
727,20,square_1,"[0.5, 0.5]","[20.0, 25.0]",0.6617531254013895,2.9040221908021757
727,20,square_1,"[0.5, 0.5]","[40.0, 50.0]",1.012740585923141,9.800263458997643
727,20,square_1,"[1, 1]","[2.0, 3.0]",1.0352847219224046,0.9681140857648285
727,20,square_1,"[1, 1]","[20.0, 25.0]",2.495508262029001,3.2145030233984406
727,20,square_1,"[1, 1]","[40.0, 50.0]",4.001282804154139,13.795658166995167
727,20,square_1,"[2, 2]","[2.0, 3.0]",4.908042004355779,3.2510805035112176
727,20,square_1,"[2, 2]","[20.0, 25.0]",9.807212076934343,7.39332131245249
727,20,square_1,"[2, 2]","[40.0, 50.0]",5.624962089159576,17.09433110538198
727,20,square_2,"[0.1, 0.1]","[2.0, 3.0]",0.021558727718089712,0.02670610827734639
727,20,square_2,"[0.1, 0.1]","[20.0, 25.0]",0.015278280820769827,2.2981584989193813
727,20,square_2,"[0.1, 0.1]","[40.0, 50.0]",0.08474325195796502,11.762880094406771
727,20,square_2,"[0.5, 0.5]","[2.0, 3.0]",0.17040458288456722,0.22550282959500997
727,20,square_2,"[0.5, 0.5]","[20.0, 25.0]",0.6453705889427283,4.3019261817507
727,20,square_2,"[0.5, 0.5]","[40.0, 50.0]",1.066104343480868,13.10392005616368
727,20,square_2,"[1, 1]","[2.0, 3.0]",0.4166762104673917,0.31846454924661205
727,20,square_2,"[1, 1]","[20.0, 25.0]",3.095585018053686,5.794248769656054
727,20,square_2,"[1, 1]","[40.0, 50.0]",2.529290987231269,12.075300826951647
727,20,square_2,"[2, 2]","[2.0, 3.0]",15.344400973763955,8.605459013541294
727,20,square_2,"[2, 2]","[20.0, 25.0]",7.388105978833653,9.114115072981784
727,20,square_2,"[2, 2]","[40.0, 50.0]",5.3139232876111135,13.290293169188196
727,20,spiral_1,"[0.1, 0.1]","[2.0, 3.0]",0.027430630855804123,0.025360793893924975
727,20,spiral_1,"[0.1, 0.1]","[20.0, 25.0]",0.0699027865212421,2.831651916283964
727,20,spiral_1,"[0.1, 0.1]","[40.0, 50.0]",0.08041064749726565,12.163931667871282
727,20,spiral_1,"[0.5, 0.5]","[2.0, 3.0]",0.23486286923897307,0.19412392720468555
727,20,spiral_1,"[0.5, 0.5]","[20.0, 25.0]",1.1616400226011931,4.119552317951169
727,20,spiral_1,"[0.5, 0.5]","[40.0, 50.0]",1.2352355157858963,13.726345713423958
727,20,spiral_1,"[1, 1]","[2.0, 3.0]",0.8220964479741328,0.5975421367841559
727,20,spiral_1,"[1, 1]","[20.0, 25.0]",1.6190055010243471,3.921710989390361
727,20,spiral_1,"[1, 1]","[40.0, 50.0]",2.357161261283846,14.408274641101604
727,20,spiral_1,"[2, 2]","[2.0, 3.0]",4.034582725955873,2.3358569803116223
727,20,spiral_1,"[2, 2]","[20.0, 25.0]",5.9403461542895855,5.4487255617224415
727,20,spiral_1,"[2, 2]","[40.0, 50.0]",13.964161458868357,29.763716484589413
727,20,spiral_2,"[0.1, 0.1]","[2.0, 3.0]",0.03829800853077478,0.060054151816214416
727,20,spiral_2,"[0.1, 0.1]","[20.0, 25.0]",0.060905361935107705,1.7982962214670681
727,20,spiral_2,"[0.1, 0.1]","[40.0, 50.0]",0.053147238781672504,11.617418096050057
727,20,spiral_2,"[0.5, 0.5]","[2.0, 3.0]",0.2575158571614539,0.3289512500275629
727,20,spiral_2,"[0.5, 0.5]","[20.0, 25.0]",0.45563018389747717,1.7292086966666116
727,20,spiral_2,"[0.5, 0.5]","[40.0, 50.0]",0.5109311738696034,11.002345330963694
727,20,spiral_2,"[1, 1]","[2.0, 3.0]",0.9695633624679779,1.1080429763878281
727,20,spiral_2,"[1, 1]","[20.0, 25.0]",1.2301299582062,3.6899033000096657
727,20,spiral_2,"[1, 1]","[40.0, 50.0]",4.666645863251037,17.480898201062942
727,20,spiral_2,"[2, 2]","[2.0, 3.0]",13.853826669517568,12.053103093356926
727,20,spiral_2,"[2, 2]","[20.0, 25.0]",10.528109088979141,16.901913749012795
727,20,spiral_2,"[2, 2]","[40.0, 50.0]",13.665955501707217,25.67557182262023
727,50,square_1,"[0.1, 0.1]","[2.0, 3.0]",0.03730982088880356,0.029773883356826306
727,50,square_1,"[0.1, 0.1]","[20.0, 25.0]",0.03490068906211312,1.6525150722015742
727,50,square_1,"[0.1, 0.1]","[40.0, 50.0]",0.035215359307156364,7.798914189993265
727,50,square_1,"[0.5, 0.5]","[2.0, 3.0]",0.4418008150471493,0.29887365685408046
727,50,square_1,"[0.5, 0.5]","[20.0, 25.0]",0.9104986724521195,3.2911284722723253
727,50,square_1,"[0.5, 0.5]","[40.0, 50.0]",0.6660382215297916,11.976215480972419
727,50,square_1,"[1, 1]","[2.0, 3.0]",0.43360557490300033,0.2750108624488299
727,50,square_1,"[1, 1]","[20.0, 25.0]",2.127143910646763,3.3192074774774003
727,50,square_1,"[1, 1]","[40.0, 50.0]",4.183059079084603,15.817249073658855
727,50,square_1,"[2, 2]","[2.0, 3.0]",1.302018857651756,0.7148298328277718
727,50,square_1,"[2, 2]","[20.0, 25.0]",4.6873384817615955,6.534614410289067
727,50,square_1,"[2, 2]","[40.0, 50.0]",8.874485634381607,16.44740740155879
727,50,square_2,"[0.1, 0.1]","[2.0, 3.0]",0.007763450010044041,0.008449870549013982
727,50,square_2,"[0.1, 0.1]","[20.0, 25.0]",0.027389690004590076,1.514786551088786
727,50,square_2,"[0.1, 0.1]","[40.0, 50.0]",0.017249560577359834,9.353464999555438
727,50,square_2,"[0.5, 0.5]","[2.0, 3.0]",0.058793241417431384,0.029481418665704584
727,50,square_2,"[0.5, 0.5]","[20.0, 25.0]",0.1804091520010546,1.9982810464278116
727,50,square_2,"[0.5, 0.5]","[40.0, 50.0]",1.5948417649061042,11.13683031137948
727,50,square_2,"[1, 1]","[2.0, 3.0]",0.38107313345454064,0.24792411897809666
727,50,square_2,"[1, 1]","[20.0, 25.0]",0.5681817144234711,2.052501532427687
727,50,square_2,"[1, 1]","[40.0, 50.0]",1.7301248253713972,10.546269663783978
727,50,square_2,"[2, 2]","[2.0, 3.0]",0.9516375723955871,0.7080868370041279
727,50,square_2,"[2, 2]","[20.0, 25.0]",6.753111928212975,8.553882532404055
727,50,square_2,"[2, 2]","[40.0, 50.0]",7.543448578713709,22.267935296612013
727,50,spiral_1,"[0.1, 0.1]","[2.0, 3.0]",0.006101001696735943,0.011447269936230454
727,50,spiral_1,"[0.1, 0.1]","[20.0, 25.0]",0.030404993996688494,1.5739421671102263
727,50,spiral_1,"[0.1, 0.1]","[40.0, 50.0]",0.06993876869364142,10.628758874292714
727,50,spiral_1,"[0.5, 0.5]","[2.0, 3.0]",0.04344256304360858,0.015269355781216059
727,50,spiral_1,"[0.5, 0.5]","[20.0, 25.0]",1.5892206079753302,2.6776738619103697
727,50,spiral_1,"[0.5, 0.5]","[40.0, 50.0]",1.2511263566247297,11.915657778009106
727,50,spiral_1,"[1, 1]","[2.0, 3.0]",0.6402701849443808,0.45388468801107335
727,50,spiral_1,"[1, 1]","[20.0, 25.0]",1.0445994474803386,2.901833835225236
727,50,spiral_1,"[1, 1]","[40.0, 50.0]",1.909524315219491,12.924935590345406
727,50,spiral_1,"[2, 2]","[2.0, 3.0]",2.790512188883539,1.8392901855130102
727,50,spiral_1,"[2, 2]","[20.0, 25.0]",6.606282990359108,5.64347596847444
727,50,spiral_1,"[2, 2]","[40.0, 50.0]",8.317422485015053,17.529186182899007
727,50,spiral_2,"[0.1, 0.1]","[2.0, 3.0]",0.005351459361360334,0.030678071638775506
727,50,spiral_2,"[0.1, 0.1]","[20.0, 25.0]",0.014118835187022264,2.9238995324060038
727,50,spiral_2,"[0.1, 0.1]","[40.0, 50.0]",0.023938199652110814,12.223155316553997
727,50,spiral_2,"[0.5, 0.5]","[2.0, 3.0]",0.06953433038688116,0.0745424773271038
727,50,spiral_2,"[0.5, 0.5]","[20.0, 25.0]",0.17914810783926316,3.183281105325668
727,50,spiral_2,"[0.5, 0.5]","[40.0, 50.0]",0.42118122432084115,13.817141923390244
727,50,spiral_2,"[1, 1]","[2.0, 3.0]",0.6036799918967078,0.6374886606524944
727,50,spiral_2,"[1, 1]","[20.0, 25.0]",2.9904154454584324,6.653520436418465
727,50,spiral_2,"[1, 1]","[40.0, 50.0]",16.822466959786453,25.31949717384109
727,50,spiral_2,"[2, 2]","[2.0, 3.0]",3.395796422060868,2.787297332548009
727,50,spiral_2,"[2, 2]","[20.0, 25.0]",6.380877297464566,7.527504529397176
727,50,spiral_2,"[2, 2]","[40.0, 50.0]",27.450014770876184,24.845791904172746
727,150,square_1,"[0.1, 0.1]","[2.0, 3.0]",0.0015166414808318773,0.01080278929078178
727,150,square_1,"[0.1, 0.1]","[20.0, 25.0]",0.11559431680367734,2.014192690368957
727,150,square_1,"[0.1, 0.1]","[40.0, 50.0]",0.10824816346386278,9.813567887625748
727,150,square_1,"[0.5, 0.5]","[2.0, 3.0]",0.05795964713049065,0.052795302494900526
727,150,square_1,"[0.5, 0.5]","[20.0, 25.0]",0.6826881964590866,2.8080809080870535
727,150,square_1,"[0.5, 0.5]","[40.0, 50.0]",0.27434544936626665,11.19764418811773
727,150,square_1,"[1, 1]","[2.0, 3.0]",0.008953962486856473,0.01988486591850867
727,150,square_1,"[1, 1]","[20.0, 25.0]",0.26980772257635055,2.6062661460392484
727,150,square_1,"[1, 1]","[40.0, 50.0]",4.587624901032631,13.719136395725599
727,150,square_1,"[2, 2]","[2.0, 3.0]",0.08480431498991375,0.15913348658761886
727,150,square_1,"[2, 2]","[20.0, 25.0]",0.5356135184272208,2.0607516038960934
727,150,square_1,"[2, 2]","[40.0, 50.0]",11.850809917298017,15.84814810698795
727,150,square_2,"[0.1, 0.1]","[2.0, 3.0]",0.015872438063554182,0.02787253234477699
727,150,square_2,"[0.1, 0.1]","[20.0, 25.0]",0.03514429518448198,1.8256052191656116
727,150,square_2,"[0.1, 0.1]","[40.0, 50.0]",0.015768222440266023,9.535094593486674
727,150,square_2,"[0.5, 0.5]","[2.0, 3.0]",0.17890003826683076,0.17864896644909406
727,150,square_2,"[0.5, 0.5]","[20.0, 25.0]",0.3520311759611412,2.131421203350938
727,150,square_2,"[0.5, 0.5]","[40.0, 50.0]",1.2513100242700075,11.5451313839333
727,150,square_2,"[1, 1]","[2.0, 3.0]",0.6513711253331693,0.6257960503298466
727,150,square_2,"[1, 1]","[20.0, 25.0]",0.49295962967331886,2.095300775440118
727,150,square_2,"[1, 1]","[40.0, 50.0]",4.325236468708019,13.8171987684532
727,150,square_2,"[2, 2]","[2.0, 3.0]",1.7558308300730212,1.3712192777321084
727,150,square_2,"[2, 2]","[20.0, 25.0]",1.2057459854347912,2.865502958483441
727,150,square_2,"[2, 2]","[40.0, 50.0]",9.09841290985652,16.354907899764612
727,150,spiral_1,"[0.1, 0.1]","[2.0, 3.0]",0.0047961954933890775,0.010962757244181814
727,150,spiral_1,"[0.1, 0.1]","[20.0, 25.0]",0.13515707502555524,1.955590180295625
727,150,spiral_1,"[0.1, 0.1]","[40.0, 50.0]",0.15329131923461872,10.974524837167946
727,150,spiral_1,"[0.5, 0.5]","[2.0, 3.0]",0.012420529412168957,0.018275318635582915
727,150,spiral_1,"[0.5, 0.5]","[20.0, 25.0]",0.19897345103970657,2.569817933100469
727,150,spiral_1,"[0.5, 0.5]","[40.0, 50.0]",0.6172676373413186,11.58119424085071
727,150,spiral_1,"[1, 1]","[2.0, 3.0]",0.04216532134274506,0.04424559628854812
727,150,spiral_1,"[1, 1]","[20.0, 25.0]",0.5593641499676166,2.65372404419722
727,150,spiral_1,"[1, 1]","[40.0, 50.0]",3.003844122216362,13.57580644418568
727,150,spiral_1,"[2, 2]","[2.0, 3.0]",0.501928699264741,0.5255964688753695
727,150,spiral_1,"[2, 2]","[20.0, 25.0]",2.098640721327995,3.9852906599065405
727,150,spiral_1,"[2, 2]","[40.0, 50.0]",25.358900679053757,25.170812600348455
727,150,spiral_2,"[0.1, 0.1]","[2.0, 3.0]",0.0025890254828042974,0.014165890895291001
727,150,spiral_2,"[0.1, 0.1]","[20.0, 25.0]",0.016449357133574146,2.032977399992842
727,150,spiral_2,"[0.1, 0.1]","[40.0, 50.0]",0.03278142057369927,12.25679678030489
727,150,spiral_2,"[0.5, 0.5]","[2.0, 3.0]",0.00568755011847342,0.010789001047212816
727,150,spiral_2,"[0.5, 0.5]","[20.0, 25.0]",0.08387955748534726,1.8044535487459867
727,150,spiral_2,"[0.5, 0.5]","[40.0, 50.0]",0.48562615503503653,11.33390483132538
727,150,spiral_2,"[1, 1]","[2.0, 3.0]",0.06275550396595869,0.08810723816187511
727,150,spiral_2,"[1, 1]","[20.0, 25.0]",0.2280528534835382,2.5970706813459303
727,150,spiral_2,"[1, 1]","[40.0, 50.0]",1.1923082022719826,13.443857078719594
727,150,spiral_2,"[2, 2]","[2.0, 3.0]",0.24776715583147446,0.2278393889444432
727,150,spiral_2,"[2, 2]","[20.0, 25.0]",0.4763462903020296,2.962825603251259
727,150,spiral_2,"[2, 2]","[40.0, 50.0]",1.5540686254046203,14.940109635331977
10032,0,square_1,"[0.1, 0.1]","[2.0, 3.0]",0.06557833368797512,-1.0
10032,0,square_1,"[0.1, 0.1]","[20.0, 25.0]",0.06557833368797512,-1.0
10032,0,square_1,"[0.1, 0.1]","[40.0, 50.0]",0.06557833368797512,-1.0
10032,0,square_1,"[0.5, 0.5]","[2.0, 3.0]",1.6311712552021953,-1.0
10032,0,square_1,"[0.5, 0.5]","[20.0, 25.0]",1.6311712552021953,-1.0
10032,0,square_1,"[0.5, 0.5]","[40.0, 50.0]",1.6311712552021953,-1.0
10032,0,square_1,"[1, 1]","[2.0, 3.0]",6.468559143794196,-1.0
10032,0,square_1,"[1, 1]","[20.0, 25.0]",6.468559143794196,-1.0
10032,0,square_1,"[1, 1]","[40.0, 50.0]",6.468559143794196,-1.0
10032,0,square_1,"[2, 2]","[2.0, 3.0]",25.21830666515989,-1.0
10032,0,square_1,"[2, 2]","[20.0, 25.0]",25.21830666515989,-1.0
10032,0,square_1,"[2, 2]","[40.0, 50.0]",25.21830666515989,-1.0
10032,0,square_2,"[0.1, 0.1]","[2.0, 3.0]",0.05407995381949159,-1.0
10032,0,square_2,"[0.1, 0.1]","[20.0, 25.0]",0.05407995381949159,-1.0
10032,0,square_2,"[0.1, 0.1]","[40.0, 50.0]",0.05407995381949159,-1.0
10032,0,square_2,"[0.5, 0.5]","[2.0, 3.0]",1.3519867353472457,-1.0
10032,0,square_2,"[0.5, 0.5]","[20.0, 25.0]",1.3519867353472457,-1.0
10032,0,square_2,"[0.5, 0.5]","[40.0, 50.0]",1.3519867353472457,-1.0
10032,0,square_2,"[1, 1]","[2.0, 3.0]",5.367103484310089,-1.0
10032,0,square_2,"[1, 1]","[20.0, 25.0]",5.367103484310089,-1.0
10032,0,square_2,"[1, 1]","[40.0, 50.0]",5.367103484310089,-1.0
10032,0,square_2,"[2, 2]","[2.0, 3.0]",21.353659916600936,-1.0
10032,0,square_2,"[2, 2]","[20.0, 25.0]",21.353659916600936,-1.0
10032,0,square_2,"[2, 2]","[40.0, 50.0]",21.353659916600936,-1.0
10032,0,spiral_1,"[0.1, 0.1]","[2.0, 3.0]",0.07773500853709482,-1.0
10032,0,spiral_1,"[0.1, 0.1]","[20.0, 25.0]",0.07773500853709482,-1.0
10032,0,spiral_1,"[0.1, 0.1]","[40.0, 50.0]",0.07773500853709482,-1.0
10032,0,spiral_1,"[0.5, 0.5]","[2.0, 3.0]",1.9406145208367502,-1.0
10032,0,spiral_1,"[0.5, 0.5]","[20.0, 25.0]",1.9406145208367502,-1.0
10032,0,spiral_1,"[0.5, 0.5]","[40.0, 50.0]",1.9406145208367502,-1.0
10032,0,spiral_1,"[1, 1]","[2.0, 3.0]",7.753668901297071,-1.0
10032,0,spiral_1,"[1, 1]","[20.0, 25.0]",7.753668901297071,-1.0
10032,0,spiral_1,"[1, 1]","[40.0, 50.0]",7.753668901297071,-1.0
10032,0,spiral_1,"[2, 2]","[2.0, 3.0]",30.89439177659541,-1.0
10032,0,spiral_1,"[2, 2]","[20.0, 25.0]",30.89439177659541,-1.0
10032,0,spiral_1,"[2, 2]","[40.0, 50.0]",30.89439177659541,-1.0
10032,0,spiral_2,"[0.1, 0.1]","[2.0, 3.0]",0.05769695758860378,-1.0
10032,0,spiral_2,"[0.1, 0.1]","[20.0, 25.0]",0.05769695758860378,-1.0
10032,0,spiral_2,"[0.1, 0.1]","[40.0, 50.0]",0.05769695758860378,-1.0
10032,0,spiral_2,"[0.5, 0.5]","[2.0, 3.0]",1.442450150309053,-1.0
10032,0,spiral_2,"[0.5, 0.5]","[20.0, 25.0]",1.442450150309053,-1.0
10032,0,spiral_2,"[0.5, 0.5]","[40.0, 50.0]",1.442450150309053,-1.0
10032,0,spiral_2,"[1, 1]","[2.0, 3.0]",5.767406423328887,-1.0
10032,0,spiral_2,"[1, 1]","[20.0, 25.0]",5.767406423328887,-1.0
10032,0,spiral_2,"[1, 1]","[40.0, 50.0]",5.767406423328887,-1.0
10032,0,spiral_2,"[2, 2]","[2.0, 3.0]",23.06476952003729,-1.0
10032,0,spiral_2,"[2, 2]","[20.0, 25.0]",23.06476952003729,-1.0
10032,0,spiral_2,"[2, 2]","[40.0, 50.0]",23.06476952003729,-1.0
10032,3,square_1,"[0.1, 0.1]","[2.0, 3.0]",0.07454745186261073,0.11664954275693735
10032,3,square_1,"[0.1, 0.1]","[20.0, 25.0]",0.15838873369669054,3.824484704913218
10032,3,square_1,"[0.1, 0.1]","[40.0, 50.0]",0.1682993945166742,14.35306626512138
10032,3,square_1,"[0.5, 0.5]","[2.0, 3.0]",1.7843633254890607,2.8654901616143427
10032,3,square_1,"[0.5, 0.5]","[20.0, 25.0]",0.8758950467161503,2.766405532153936
10032,3,square_1,"[0.5, 0.5]","[40.0, 50.0]",1.9106847257651336,13.637456176161294
10032,3,square_1,"[1, 1]","[2.0, 3.0]",8.303599503961717,11.886074702851603
10032,3,square_1,"[1, 1]","[20.0, 25.0]",5.165653492556345,9.459171712931157
10032,3,square_1,"[1, 1]","[40.0, 50.0]",9.888337084746267,24.4732360318089
10032,3,square_1,"[2, 2]","[2.0, 3.0]",28.976346293816558,39.692596698808636
10032,3,square_1,"[2, 2]","[20.0, 25.0]",26.541202984298963,29.747906147806304
10032,3,square_1,"[2, 2]","[40.0, 50.0]",18.688290337098202,47.86016814706385
10032,3,square_2,"[0.1, 0.1]","[2.0, 3.0]",0.05407995381949159,-1.0
10032,3,square_2,"[0.1, 0.1]","[20.0, 25.0]",0.05407995381949159,-1.0
10032,3,square_2,"[0.1, 0.1]","[40.0, 50.0]",0.05407995381949159,-1.0
10032,3,square_2,"[0.5, 0.5]","[2.0, 3.0]",1.3519867353472457,-1.0
10032,3,square_2,"[0.5, 0.5]","[20.0, 25.0]",1.3519867353472457,-1.0
10032,3,square_2,"[0.5, 0.5]","[40.0, 50.0]",1.3519867353472457,-1.0
10032,3,square_2,"[1, 1]","[2.0, 3.0]",4.064779471469208,12.875975614590942
10032,3,square_2,"[1, 1]","[20.0, 25.0]",2.6882363332423314,13.491011802834828
10032,3,square_2,"[1, 1]","[40.0, 50.0]",3.8261778055084883,31.791199497919497
10032,3,square_2,"[2, 2]","[2.0, 3.0]",11.264077843698304,33.56378651023269
10032,3,square_2,"[2, 2]","[20.0, 25.0]",12.75496089500311,38.25130717765152
10032,3,square_2,"[2, 2]","[40.0, 50.0]",17.59416895775876,58.44029448234414
10032,3,spiral_1,"[0.1, 0.1]","[2.0, 3.0]",0.23596703707187544,0.15356790474737184
10032,3,spiral_1,"[0.1, 0.1]","[20.0, 25.0]",0.15461356472446708,2.194557885450441
10032,3,spiral_1,"[0.1, 0.1]","[40.0, 50.0]",0.18907559216515873,21.629344121393252
10032,3,spiral_1,"[0.5, 0.5]","[2.0, 3.0]",3.4845433201275307,2.3415933556583575
10032,3,spiral_1,"[0.5, 0.5]","[20.0, 25.0]",3.5640091468595636,3.362883003871622
10032,3,spiral_1,"[0.5, 0.5]","[40.0, 50.0]",5.487637770996191,23.481302234900806
10032,3,spiral_1,"[1, 1]","[2.0, 3.0]",7.991444089776079,7.000962814097051
10032,3,spiral_1,"[1, 1]","[20.0, 25.0]",3.8913845819386443,7.455064472791645
10032,3,spiral_1,"[1, 1]","[40.0, 50.0]",10.26907428912082,24.23992822962258
10032,3,spiral_1,"[2, 2]","[2.0, 3.0]",39.26902436347227,32.104982022577566
10032,3,spiral_1,"[2, 2]","[20.0, 25.0]",29.015675452591726,23.00882350390531
10032,3,spiral_1,"[2, 2]","[40.0, 50.0]",25.349814574790567,31.06910365275322
10032,3,spiral_2,"[0.1, 0.1]","[2.0, 3.0]",0.057513171719311924,0.0016311686555799069
10032,3,spiral_2,"[0.1, 0.1]","[20.0, 25.0]",0.05775214385221177,2.380785125325517
10032,3,spiral_2,"[0.1, 0.1]","[40.0, 50.0]",0.05782497962795627,11.779567830591798
10032,3,spiral_2,"[0.5, 0.5]","[2.0, 3.0]",1.4418608403359987,0.4251741824960299
10032,3,spiral_2,"[0.5, 0.5]","[20.0, 25.0]",1.4387661120427837,0.8636206127958508
10032,3,spiral_2,"[0.5, 0.5]","[40.0, 50.0]",1.443711624430545,9.772956414914386
10032,3,spiral_2,"[1, 1]","[2.0, 3.0]",5.762944324540059,2.8656891024289317
10032,3,spiral_2,"[1, 1]","[20.0, 25.0]",5.752859461183702,4.669179229612531
10032,3,spiral_2,"[1, 1]","[40.0, 50.0]",5.760876946005635,11.621592043086332
10032,3,spiral_2,"[2, 2]","[2.0, 3.0]",23.013305826483375,8.685561081302062
10032,3,spiral_2,"[2, 2]","[20.0, 25.0]",22.9724145627756,1.1492593544878718
10032,3,spiral_2,"[2, 2]","[40.0, 50.0]",23.159651920123494,20.641786633247115
10032,20,square_1,"[0.1, 0.1]","[2.0, 3.0]",0.04721154323661877,0.042855893164788696
10032,20,square_1,"[0.1, 0.1]","[20.0, 25.0]",0.13140235854929175,1.3819864371099693
10032,20,square_1,"[0.1, 0.1]","[40.0, 50.0]",0.05203014273179707,6.6176031121462575
10032,20,square_1,"[0.5, 0.5]","[2.0, 3.0]",0.2558399836892356,0.23055226131632003
10032,20,square_1,"[0.5, 0.5]","[20.0, 25.0]",0.9693263523913462,2.48983113737521
10032,20,square_1,"[0.5, 0.5]","[40.0, 50.0]",0.3013602150258665,9.024387666672396
10032,20,square_1,"[1, 1]","[2.0, 3.0]",0.6480824645013252,0.29953767860572605
10032,20,square_1,"[1, 1]","[20.0, 25.0]",2.0836389978628502,2.9971996294714605
10032,20,square_1,"[1, 1]","[40.0, 50.0]",1.2734146830794937,11.74164490597577
10032,20,square_1,"[2, 2]","[2.0, 3.0]",2.5882492654762146,0.6957962671182731
10032,20,square_1,"[2, 2]","[20.0, 25.0]",1.7067465933328794,4.095814563186407
10032,20,square_1,"[2, 2]","[40.0, 50.0]",4.167802384783747,14.116663587087082
10032,20,square_2,"[0.1, 0.1]","[2.0, 3.0]",0.046463725662156674,0.04880777393038375
10032,20,square_2,"[0.1, 0.1]","[20.0, 25.0]",0.038565513565386234,2.038190999370562
10032,20,square_2,"[0.1, 0.1]","[40.0, 50.0]",0.08715876220759756,15.651994488356976
10032,20,square_2,"[0.5, 0.5]","[2.0, 3.0]",2.762112573589945,1.7485989290847326
10032,20,square_2,"[0.5, 0.5]","[20.0, 25.0]",1.5766778075009824,5.287370840228819
10032,20,square_2,"[0.5, 0.5]","[40.0, 50.0]",3.479056545489703,19.292899316067768
10032,20,square_2,"[1, 1]","[2.0, 3.0]",10.237117928621178,6.495022912426923
10032,20,square_2,"[1, 1]","[20.0, 25.0]",12.837309517819362,13.507699002686275
10032,20,square_2,"[1, 1]","[40.0, 50.0]",13.387731351880607,27.288786841096282
10032,20,square_2,"[2, 2]","[2.0, 3.0]",26.458633800763668,20.159109087138663
10032,20,square_2,"[2, 2]","[20.0, 25.0]",21.57214138164198,22.7891657263975
10032,20,square_2,"[2, 2]","[40.0, 50.0]",54.04534220341456,75.97072835429537
10032,20,spiral_1,"[0.1, 0.1]","[2.0, 3.0]",0.08276386395880148,0.10819346164548854
10032,20,spiral_1,"[0.1, 0.1]","[20.0, 25.0]",0.11707568881666754,2.0082928042357127
10032,20,spiral_1,"[0.1, 0.1]","[40.0, 50.0]",0.0911618673569567,12.085506510945176
10032,20,spiral_1,"[0.5, 0.5]","[2.0, 3.0]",0.5631962029337101,0.8476123118284018
10032,20,spiral_1,"[0.5, 0.5]","[20.0, 25.0]",1.7843170838747078,3.8146997161292266
10032,20,spiral_1,"[0.5, 0.5]","[40.0, 50.0]",5.870657635414314,17.048334256370083
10032,20,spiral_1,"[1, 1]","[2.0, 3.0]",0.961703958645595,1.4388414415674842
10032,20,spiral_1,"[1, 1]","[20.0, 25.0]",2.2632636415463816,4.174225996708073
10032,20,spiral_1,"[1, 1]","[40.0, 50.0]",6.7531484294166555,15.040730885318984
10032,20,spiral_1,"[2, 2]","[2.0, 3.0]",14.421511494496556,13.311920389047149
10032,20,spiral_1,"[2, 2]","[20.0, 25.0]",19.930870460594615,26.249520625591227
10032,20,spiral_1,"[2, 2]","[40.0, 50.0]",48.975238975145984,63.329761150726675
10032,20,spiral_2,"[0.1, 0.1]","[2.0, 3.0]",0.06145648393215556,0.11563374258595555
10032,20,spiral_2,"[0.1, 0.1]","[20.0, 25.0]",0.07473887780974486,1.0205442345181075
10032,20,spiral_2,"[0.1, 0.1]","[40.0, 50.0]",0.06765492929308028,4.669018490020302
10032,20,spiral_2,"[0.5, 0.5]","[2.0, 3.0]",1.2932537521654077,1.989839743925973
10032,20,spiral_2,"[0.5, 0.5]","[20.0, 25.0]",1.5483247770870765,2.9600657964021906
10032,20,spiral_2,"[0.5, 0.5]","[40.0, 50.0]",1.47108858029975,7.052647994008944
10032,20,spiral_2,"[1, 1]","[2.0, 3.0]",5.790372788233458,9.915635664723695
10032,20,spiral_2,"[1, 1]","[20.0, 25.0]",5.390637497346084,9.291394776156395
10032,20,spiral_2,"[1, 1]","[40.0, 50.0]",5.245408092906946,15.019917869009882
10032,20,spiral_2,"[2, 2]","[2.0, 3.0]",21.621441647748604,36.195415190168305
10032,20,spiral_2,"[2, 2]","[20.0, 25.0]",22.446238293717936,46.745071394153626
10032,20,spiral_2,"[2, 2]","[40.0, 50.0]",21.301604693958673,48.18287442979074
10032,50,square_1,"[0.1, 0.1]","[2.0, 3.0]",0.04776632111280569,0.03577459704691749
10032,50,square_1,"[0.1, 0.1]","[20.0, 25.0]",0.36976185299720077,1.9118641516942874
10032,50,square_1,"[0.1, 0.1]","[40.0, 50.0]",0.20791415836319813,11.200936755802255
10032,50,square_1,"[0.5, 0.5]","[2.0, 3.0]",1.113996097806919,0.7018594156616239
10032,50,square_1,"[0.5, 0.5]","[20.0, 25.0]",1.5155381432523207,2.8775116936272327
10032,50,square_1,"[0.5, 0.5]","[40.0, 50.0]",1.787700047400601,11.260980929299262
10032,50,square_1,"[1, 1]","[2.0, 3.0]",6.248929392281067,4.567204170153312
10032,50,square_1,"[1, 1]","[20.0, 25.0]",5.87167376365926,5.738885651949302
10032,50,square_1,"[1, 1]","[40.0, 50.0]",6.897028332531723,15.160779433422364
10032,50,square_1,"[2, 2]","[2.0, 3.0]",25.454219165510043,17.236845427679658
10032,50,square_1,"[2, 2]","[20.0, 25.0]",34.28186051409867,30.59173390952747
10032,50,square_1,"[2, 2]","[40.0, 50.0]",23.843780005153253,29.79604534054273
10032,50,square_2,"[0.1, 0.1]","[2.0, 3.0]",0.015410308042874228,0.01627357028326364
10032,50,square_2,"[0.1, 0.1]","[20.0, 25.0]",0.016137100703300954,0.8853776513924302
10032,50,square_2,"[0.1, 0.1]","[40.0, 50.0]",0.036950936060671916,8.734997749770901
10032,50,square_2,"[0.5, 0.5]","[2.0, 3.0]",0.46794105898981847,0.3227609976337355
10032,50,square_2,"[0.5, 0.5]","[20.0, 25.0]",1.1496661023894532,2.6744374208268993
10032,50,square_2,"[0.5, 0.5]","[40.0, 50.0]",1.3171774804692833,10.999593095360009
10032,50,square_2,"[1, 1]","[2.0, 3.0]",2.8626262900104837,1.9485252109512943
10032,50,square_2,"[1, 1]","[20.0, 25.0]",2.440444958857957,3.229130550590404
10032,50,square_2,"[1, 1]","[40.0, 50.0]",6.130603357912013,13.578800434443487
10032,50,square_2,"[2, 2]","[2.0, 3.0]",7.149505520251005,5.053677686364477
10032,50,square_2,"[2, 2]","[20.0, 25.0]",4.408272205116633,5.3965137088800414
10032,50,square_2,"[2, 2]","[40.0, 50.0]",2.5755640793201726,11.75902679910268
10032,50,spiral_1,"[0.1, 0.1]","[2.0, 3.0]",0.016013400534848843,0.012306086949676096
10032,50,spiral_1,"[0.1, 0.1]","[20.0, 25.0]",0.08172244269071503,1.500670623644968
10032,50,spiral_1,"[0.1, 0.1]","[40.0, 50.0]",0.1281705980293717,13.118125921389616
10032,50,spiral_1,"[0.5, 0.5]","[2.0, 3.0]",0.09940371167616287,0.04252376245523571
10032,50,spiral_1,"[0.5, 0.5]","[20.0, 25.0]",0.4820228888498589,2.833314531723596
10032,50,spiral_1,"[0.5, 0.5]","[40.0, 50.0]",2.511285087756283,11.083382285463951
10032,50,spiral_1,"[1, 1]","[2.0, 3.0]",0.6849405711750074,0.4521594972772665
10032,50,spiral_1,"[1, 1]","[20.0, 25.0]",1.718517057256788,3.86483552284237
10032,50,spiral_1,"[1, 1]","[40.0, 50.0]",6.5871371711360425,16.697126776912945
10032,50,spiral_1,"[2, 2]","[2.0, 3.0]",5.07386467979052,5.098737904111249
10032,50,spiral_1,"[2, 2]","[20.0, 25.0]",3.6765433129322274,5.536539694463275
10032,50,spiral_1,"[2, 2]","[40.0, 50.0]",7.784950083955391,20.618139896940917
10032,50,spiral_2,"[0.1, 0.1]","[2.0, 3.0]",0.008325285136775464,0.012680749782049456
10032,50,spiral_2,"[0.1, 0.1]","[20.0, 25.0]",0.044784730248474604,1.9216831358935178
10032,50,spiral_2,"[0.1, 0.1]","[40.0, 50.0]",0.12635544877369434,11.571734600924144
10032,50,spiral_2,"[0.5, 0.5]","[2.0, 3.0]",0.11933210392131713,0.12964915734149354
10032,50,spiral_2,"[0.5, 0.5]","[20.0, 25.0]",0.1706873656116844,1.6020204246274554
10032,50,spiral_2,"[0.5, 0.5]","[40.0, 50.0]",1.140480328491877,9.612416704206538
10032,50,spiral_2,"[1, 1]","[2.0, 3.0]",0.32674110699649267,0.21139799293779585
10032,50,spiral_2,"[1, 1]","[20.0, 25.0]",0.3847390923995789,2.451333304807411
10032,50,spiral_2,"[1, 1]","[40.0, 50.0]",1.5496349242055858,13.424760761633912
10032,50,spiral_2,"[2, 2]","[2.0, 3.0]",3.282299456517861,2.963195950394029
10032,50,spiral_2,"[2, 2]","[20.0, 25.0]",3.480059623530505,4.559160509263589
10032,50,spiral_2,"[2, 2]","[40.0, 50.0]",7.453407836999312,16.651418882248144
10032,150,square_1,"[0.1, 0.1]","[2.0, 3.0]",0.0014521708307772786,0.009982648063286494
10032,150,square_1,"[0.1, 0.1]","[20.0, 25.0]",0.04554243696893134,1.8884822339723233
10032,150,square_1,"[0.1, 0.1]","[40.0, 50.0]",0.029721437537979536,9.33894163336154
10032,150,square_1,"[0.5, 0.5]","[2.0, 3.0]",0.013745596279422944,0.01718129595918251
10032,150,square_1,"[0.5, 0.5]","[20.0, 25.0]",0.17963288742262276,1.83498839519048
10032,150,square_1,"[0.5, 0.5]","[40.0, 50.0]",0.42127366392844284,10.785295649562425
10032,150,square_1,"[1, 1]","[2.0, 3.0]",0.04637631683068532,0.06053430937955684
10032,150,square_1,"[1, 1]","[20.0, 25.0]",0.6758275368399159,2.627374027630512
10032,150,square_1,"[1, 1]","[40.0, 50.0]",4.115553787476521,13.031242415724307
10032,150,square_1,"[2, 2]","[2.0, 3.0]",0.32665841652274724,0.22211382956274137
10032,150,square_1,"[2, 2]","[20.0, 25.0]",0.6693127459814391,2.5574950234291878
10032,150,square_1,"[2, 2]","[40.0, 50.0]",15.465429763975408,16.97026495783256
10032,150,square_2,"[0.1, 0.1]","[2.0, 3.0]",0.0012735613394238825,0.012601453054652679
10032,150,square_2,"[0.1, 0.1]","[20.0, 25.0]",0.016055256121996583,2.0481685543833277
10032,150,square_2,"[0.1, 0.1]","[40.0, 50.0]",0.06702039432203592,10.819148347636029
10032,150,square_2,"[0.5, 0.5]","[2.0, 3.0]",0.008849011763854036,0.020539242457412288
10032,150,square_2,"[0.5, 0.5]","[20.0, 25.0]",0.3053978510793034,2.253656263407271
10032,150,square_2,"[0.5, 0.5]","[40.0, 50.0]",0.30745675736251205,10.58227293823494
10032,150,square_2,"[1, 1]","[2.0, 3.0]",0.08299050877199747,0.11143396375454716
10032,150,square_2,"[1, 1]","[20.0, 25.0]",0.5654870417697343,2.601990398416828
10032,150,square_2,"[1, 1]","[40.0, 50.0]",0.34259895382671723,11.406030766949055
10032,150,square_2,"[2, 2]","[2.0, 3.0]",0.1078502791212681,0.12996997812669622
10032,150,square_2,"[2, 2]","[20.0, 25.0]",0.6199730774474894,2.3046565482769634
10032,150,square_2,"[2, 2]","[40.0, 50.0]",3.2190246475683266,14.22260834664981
10032,150,spiral_1,"[0.1, 0.1]","[2.0, 3.0]",0.0019015256423906318,0.01342192321936599
10032,150,spiral_1,"[0.1, 0.1]","[20.0, 25.0]",0.013575987852304204,2.0018318593196445
10032,150,spiral_1,"[0.1, 0.1]","[40.0, 50.0]",0.04134185891210958,11.237639968148846
10032,150,spiral_1,"[0.5, 0.5]","[2.0, 3.0]",0.019095255279084556,0.02927789621616447
10032,150,spiral_1,"[0.5, 0.5]","[20.0, 25.0]",0.6166803706529406,2.449116298669535
10032,150,spiral_1,"[0.5, 0.5]","[40.0, 50.0]",5.931286301172991,14.29126179571891
10032,150,spiral_1,"[1, 1]","[2.0, 3.0]",0.06695363850469606,0.07712173854671157
10032,150,spiral_1,"[1, 1]","[20.0, 25.0]",1.5772497777624097,3.2165168379982623
10032,150,spiral_1,"[1, 1]","[40.0, 50.0]",28.01902170754841,22.880324873422875
10032,150,spiral_1,"[2, 2]","[2.0, 3.0]",0.22099021184465298,0.2425785817581944
10032,150,spiral_1,"[2, 2]","[20.0, 25.0]",1.7280623738065801,4.22148286724346
10032,150,spiral_1,"[2, 2]","[40.0, 50.0]",18.385937877473257,20.47559964055989
10032,150,spiral_2,"[0.1, 0.1]","[2.0, 3.0]",0.0015806902742216463,0.018355685453638113
10032,150,spiral_2,"[0.1, 0.1]","[20.0, 25.0]",0.023028990679564983,2.3183738995602226
10032,150,spiral_2,"[0.1, 0.1]","[40.0, 50.0]",0.015046842064329616,10.795738303139633
10032,150,spiral_2,"[0.5, 0.5]","[2.0, 3.0]",0.00686831901235354,0.01604921602049139
10032,150,spiral_2,"[0.5, 0.5]","[20.0, 25.0]",0.09653315378480132,2.1560872195611878
10032,150,spiral_2,"[0.5, 0.5]","[40.0, 50.0]",0.6770247458039054,10.742060284106136
10032,150,spiral_2,"[1, 1]","[2.0, 3.0]",0.06302160475589905,0.09496653954317127
10032,150,spiral_2,"[1, 1]","[20.0, 25.0]",0.3564937299798844,2.040869650222202
10032,150,spiral_2,"[1, 1]","[40.0, 50.0]",2.2143038152960335,14.010012327609681
10032,150,spiral_2,"[2, 2]","[2.0, 3.0]",0.08001573409502166,0.07158907153255743
10032,150,spiral_2,"[2, 2]","[20.0, 25.0]",0.37052690358809925,2.7998179624137127
10032,150,spiral_2,"[2, 2]","[40.0, 50.0]",2.146501226524565,12.151392003288045
