normalized_x1_error,normalized_x2_error,x1_estimate,x2_estimate,x1_real,x2_real,time
0.0068397445745082925,-0.05471795659606087,0.86,-8.729999999999999,0.8499999999999999,-8.650000000000006,1.462042901027341
-7.58587788031601e-17,-0.12982227582126413,0.85,-8.739999999999998,0.8500000000000001,-8.549999999999997,1.463539279357483
0.05195313325600648,-0.032470708284998824,1.2799999999999998,-9.149999999999999,1.2000000000000028,-9.100000000000009,1.5398493793586143
1.0729605741817057,1.811220110132196e-15,9.41,-1.7,7.700000000000003,-1.7000000000000028,1.593721187103385
1.0543170377704074,-0.14180872437847336,9.58,-1.71,7.87,-1.480000000000004,1.6219030317637502
0.8851594877318884,0.03688164532216834,9.61,-1.71,8.17,-1.7700000000000102,1.6268254703904506
-0.044783504794691016,-9.943935629295404e-16,-10.71,0.41999999999999993,-10.63,0.4200000000000017,1.7863720217244785
-0.22929322337793007,0.005592517643355085,-10.719999999999999,0.4299999999999997,-10.309999999999999,0.4200000000000159,1.788103433498434
0.0838877646504614,0.08388776465045741,0.4299999999999997,10.719999999999999,0.28000000000000114,10.570000000000007,1.788103433498434
-0.6084839932842131,-0.6084839932842181,-7.6,-7.6,-6.51,-6.509999999999991,1.7913371790059205
-0.48676972681420394,-0.48676972681420394,-7.67,-7.67,-6.790000000000006,-6.790000000000006,1.8078363372336064
-0.41929868949423404,-0.4192986894942301,-7.69,-7.69,-6.93,-6.930000000000007,1.8125503824415168
-0.11009174311926566,0.0660550458715592,0.0,10.9,0.1999999999999993,10.780000000000001,1.8166666666666667
0.07706422018348606,-0.022018348623851765,0.0,10.9,-0.13999999999999968,10.939999999999998,1.8166666666666667
-0.0961520642473675,-0.037392469429535176,-11.2,0.8499999999999996,-11.02000000000001,0.9200000000000017,1.8720346922236482
0.09062376913764907,0.0654504999327454,11.909999999999998,0.41999999999999993,11.730000000000004,0.29000000000000625,1.9862338734398826
0.06026244106200024,0.07532805132749985,11.94,0.4300000000000015,11.819999999999999,0.28000000000000114,1.9912900620228864
0.0853717915044996,-3.5682533113145915e-15,11.94,0.4299999999999997,11.77,0.4300000000000068,1.9912900620228864
0.5058357854674985,0.5058357854675034,9.31,9.31,8.2,8.199999999999989,2.1943880442822525
0.48201491193424006,0.48201491193424006,9.33,9.33,8.269999999999996,8.269999999999996,2.1991020894901627
-0.06807325477250946,-0.7488058024976071,-1.71,-13.11,-1.56,-11.459999999999994,2.2035085659012084
0.5218221165975593,0.5218221165975576,9.35,9.35,8.2,8.200000000000003,2.2038161346980734
0.3988807483616418,0.3988807483616466,9.36,9.36,8.48,8.47999999999999,2.206173157302028
0.33506447262201333,0.3350644726220157,9.37,9.37,8.63,8.629999999999995,2.208530179905983
0.19005340989727026,-0.9185914811701374,-1.7,-13.15,-2.12,-11.120000000000005,2.2099051010293533
0.5235599145806771,0.8936626128187425,9.4,9.4,8.240000000000002,7.420000000000002,2.215601247717849
0.05408820866267536,-0.612999698176968,-1.72,-13.2,-1.8400000000000034,-11.840000000000003,2.2185981559935044
0.21510820991637952,-0.05162597037992682,13.84,1.72,13.340000000000003,1.8399999999999892,2.3244115145319877
0.16651008928375674,-0.23909141025360237,13.95,1.7,13.56,2.260000000000005,2.342200413666127
0.10669783183255509,-0.1152336583791523,14.0,1.2799999999999998,13.75,1.549999999999983,2.343065418539473
0.02235108862832895,0.014900725752211139,11.689999999999998,11.08,11.629999999999995,11.04000000000002,2.684433004482614
0.0260534024985488,0.02233148785590067,11.700000000000003,11.09,11.63000000000001,11.030000000000001,2.686789182483641
0.13381132713538044,0.10035849535152938,-11.1,11.72,-11.459999999999999,11.450000000000017,2.6903552016622476
-0.2823767602516899,0.055732255312833025,-11.12,11.71,-10.36,11.560000000000002,2.6914396189069936
0.05201557486308321,0.02972318563604642,-11.109999999999998,11.719999999999999,-11.25,11.64,2.6915015429227513
0.03343858384055419,0.02972318563604641,11.719999999999999,11.11,11.629999999999995,11.030000000000001,2.6915015429227522
1.1553930530164536,-0.27422303473491777,16.41,0.0,13.25,0.75,2.735
-0.010613207547168957,-0.0141509433962236,16.96,0.0,16.99,0.03999999999999204,2.8266666666666667
0.06010606953447445,0.0,16.970000000000002,0.0,16.799999999999997,0.0,2.8283333333333336
0.0023288505672472005,-0.20028114878344128,11.939999999999998,-22.83,11.930000000000007,-21.97,4.293963786526383
-0.16531864283053926,0.08848040038817523,11.95,22.83,12.659999999999997,22.450000000000003,4.294736442566774
-0.07217064703635366,-0.048889793153655464,11.920000000000002,-22.85,12.230000000000004,-22.640000000000015,4.295375096801469
-0.08380979326179598,0.10243419176441942,11.939999999999998,22.84,12.299999999999997,22.39999999999999,4.295440735374091
0.01164024906413934,-0.20254033371600746,11.940000000000005,-22.84,11.89,-21.97,4.2954407353740915
-0.16296087406580567,0.08613646200620985,11.96,22.83,12.659999999999997,22.460000000000008,4.2955096062955995
-0.19778067061383672,0.0814390996645212,11.95,22.85,12.8,22.5,4.297689947970757
-0.2139949482031635,-0.0907152497817751,11.949999999999996,-22.86,12.870000000000005,-22.47,4.299166908961678
-0.11628252000156315,0.053489959200719084,11.940000000000005,22.869999999999997,12.439999999999998,22.64,4.299872414127863
-0.16509155339914927,-0.05115512922227325,11.950000000000003,-22.87,12.66000000000001,-22.64999999999999,4.300644008621138
-0.27437316396758266,-0.11858501154531309,11.969999999999999,-22.86,13.149999999999991,-22.349999999999994,4.300712150330454
-0.19748081237513918,-0.011616518375007531,12.37,-22.67,13.219999999999999,-22.620000000000005,4.304215633796967
-0.1300808718828412,-0.0766547995023881,12.379999999999999,-22.67,12.94,-22.340000000000003,4.305014195356645
-0.06961732779296949,-0.013923465558592826,12.360000000000001,-22.71,12.66,-22.650000000000006,4.309271980276947
-0.06724382200605236,0.05101255462528099,12.009999999999998,22.92,12.299999999999997,22.700000000000003,4.312663845518736
-0.049046724798839744,-0.07579948378002428,0.84,-26.9,1.0599999999999998,-26.560000000000002,4.485518674331629
1.2618316414806934e-15,0.031199601233437953,0.85,-26.909999999999997,0.8499999999999943,-27.049999999999983,4.487236838461331
-0.028970716574562523,-0.026742199914979496,0.8600000000000001,-26.91,0.9899999999999998,-26.790000000000006,4.487289766044137
0.40939246234890536,0.04647157680717217,27.06,-1.7,25.209999999999994,-1.9099999999999966,4.518891211102318
0.2984094066257871,0.02873572063803941,27.09,-1.71,25.739999999999995,-1.8400000000000034,4.523986074249124
0.27831722121005636,0.07731033922501516,27.11,-1.7,25.85,-2.049999999999997,4.527208178214129
0.3335311849604659,0.041967500094364577,27.11,-1.71,25.6,-1.9000000000000057,4.527312791393048
0.31110729926079717,0.011032173732652391,27.14,-1.7,25.73,-1.75,4.532198387341647
0.3539251626111288,0.07382488054465207,27.58,-1.71,25.95,-2.049999999999997,4.605493398588737
-0.0685760480135174,0.11221535129484483,-28.869999999999997,0.41999999999999815,-28.54,-0.11999999999999034,4.81217581880703
-0.01246399247789108,0.00207733207965085,-28.88,0.4299999999999997,-28.819999999999993,0.4199999999999875,4.813866833314865
-0.010383065950506927,-0.012459679140605067,-28.89,0.4299999999999997,-28.840000000000003,0.4899999999999807,4.815533315336019
-0.029072584661421166,0.04568549018222989,0.4299999999999997,28.89,0.5700000000000003,28.670000000000016,4.815533315336019
-0.026967973544401957,-0.01037229751707762,0.4299999999999997,28.919999999999998,0.5600000000000023,28.97,4.820532762165517
0.0,1.465036568577526e-15,0.0,29.1,0.0,29.099999999999994,4.8500000000000005
-0.025453500400008332,0.04111719295385689,2.13,30.57,2.2600000000000002,30.360000000000014,5.107352543147966
-0.05286496236924803,-0.007831846276925453,2.13,30.57,2.4000000000000004,30.61,5.107352543147966
-0.0802484765435588,0.046974717976716686,2.14,30.58,2.549999999999997,30.340000000000003,5.109131259051995
-0.0058458707366447794,0.005845870736642703,-29.03,29.03,-28.989999999999995,28.99000000000001,6.842436619281824
-0.01898599963254743,0.03359061473450835,-29.05,29.05,-28.92,28.819999999999993,6.847150664489735
0.0,-5.186816105768837e-16,-29.060000000000002,29.06,-29.060000000000002,29.060000000000002,6.84950768709369
-0.014461944400989565,0.01301574996089251,29.029999999999998,-29.64,29.130000000000003,-29.730000000000018,6.914699519461742
-0.0072297527630501394,-0.007229752763049626,-29.639999999999997,-29.04,-29.590000000000003,-28.99000000000001,6.915865817090438
0.013013554973492922,0.013013554973491381,-29.639999999999997,-29.04,-29.730000000000004,-29.129999999999995,6.915865817090438
-0.008674210011111376,-0.007228508342593669,-29.65,-29.040000000000003,-29.589999999999996,-28.989999999999995,6.917056414721832
0.012972232251804766,-0.014413591390894471,29.43,-29.44,29.340000000000003,-29.340000000000003,6.937896134836394
0.005760544042253834,-0.005760544042252299,29.46,-29.459999999999997,29.419999999999995,-29.42,6.943788591251896
-0.04569331210284322,0.10534846957044496,-41.26,-23.07,-40.9,-23.900000000000006,7.878614690695595
-0.05272092860131365,0.10795237761221316,-41.64,-23.47,-41.22,-24.33,7.966475764797825
-0.05270171735056648,0.07152375926148148,-41.66,-23.470000000000002,-41.239999999999995,-24.039999999999992,7.96937976814312
-0.016416282527636744,-0.03954831699839705,-80.39,1.7,-80.17,2.2299999999999898,13.401328810565351
0.0067140999053498076,1.6564774010117018e-16,-80.41,1.69,-80.5,1.6899999999999977,13.404626274370932
0.004469399630224797,1.6540101252421808e-16,-80.53,1.69,-80.59,1.6899999999999977,13.424621865148465
-0.0917499858877196,-0.04401519593262248,-96.77,1.69,-95.28999999999999,2.4000000000000057,16.13079267185039
0.03715996452200541,0.0006193327420336774,-96.87,1.28,-97.47,1.269999999999996,16.146409387573176
-0.005568814088690691,0.0012375142419323456,-96.96,1.29,-96.86999999999999,1.2699999999999818,16.161430165675313
0.12442891649079159,0.03572711463596919,97.39,-1.71,95.36999999999999,-2.289999999999992,16.234168527453996
0.11149323705362967,0.016631587847779235,97.39,-1.71,95.58,-1.980000000000004,16.234168527453996
0.059677010366464465,0.03260702628270711,97.51,-1.71,96.54,-2.239999999999995,16.25416544903012
